t,x,y,phase
0.02,0.01,0.0,MOVE_TO_CIRCLE
0.04,0.02,0.0,MOVE_TO_CIRCLE
0.06,0.03,0.0,MOVE_TO_CIRCLE
0.08,0.04,0.0,MOVE_TO_CIRCLE
0.1,0.05,0.0,MOVE_TO_CIRCLE
0.12,0.060000000000000005,0.0,MOVE_TO_CIRCLE
0.14,0.07,0.0,MOVE_TO_CIRCLE
0.16,0.08,0.0,MOVE_TO_CIRCLE
0.18,0.09,0.0,MOVE_TO_CIRCLE
0.2,0.09999999999999999,0.0,MOVE_TO_CIRCLE
0.22,0.10999999999999999,0.0,MOVE_TO_CIRCLE
0.24,0.11999999999999998,0.0,MOVE_TO_CIRCLE
0.26,0.12999999999999998,0.0,MOVE_TO_CIRCLE
0.28,0.13999999999999999,0.0,MOVE_TO_CIRCLE
0.3,0.15,0.0,MOVE_TO_CIRCLE
0.32,0.16,0.0,MOVE_TO_CIRCLE
0.34,0.17,0.0,MOVE_TO_CIRCLE
0.36,0.18000000000000002,0.0,MOVE_TO_CIRCLE
0.38,0.19000000000000003,0.0,MOVE_TO_CIRCLE
0.4,0.20000000000000004,0.0,MOVE_TO_CIRCLE
0.42,0.21000000000000005,0.0,MOVE_TO_CIRCLE
0.44,0.22000000000000006,0.0,MOVE_TO_CIRCLE
0.46,0.23000000000000007,0.0,MOVE_TO_CIRCLE
0.48,0.24000000000000007,0.0,MOVE_TO_CIRCLE
0.5,0.25000000000000006,0.0,MOVE_TO_CIRCLE
0.52,0.26000000000000006,0.0,MOVE_TO_CIRCLE
0.54,0.2700000000000001,0.0,MOVE_TO_CIRCLE
0.56,0.2800000000000001,0.0,MOVE_TO_CIRCLE
0.58,0.2900000000000001,0.0,MOVE_TO_CIRCLE
0.6,0.3000000000000001,0.0,MOVE_TO_CIRCLE
0.62,0.3100000000000001,0.0,MOVE_TO_CIRCLE
0.64,0.3200000000000001,0.0,MOVE_TO_CIRCLE
0.66,0.3300000000000001,0.0,MOVE_TO_CIRCLE
0.68,0.34000000000000014,0.0,MOVE_TO_CIRCLE
0.7,0.35000000000000014,0.0,MOVE_TO_CIRCLE
0.72,0.36000000000000015,0.0,MOVE_TO_CIRCLE
0.74,0.37000000000000016,0.0,MOVE_TO_CIRCLE
0.76,0.38000000000000017,0.0,MOVE_TO_CIRCLE
0.78,0.3900000000000002,0.0,MOVE_TO_CIRCLE
0.8,0.4000000000000002,0.0,MOVE_TO_CIRCLE
0.82,0.4100000000000002,0.0,MOVE_TO_CIRCLE
0.84,0.4200000000000002,0.0,MOVE_TO_CIRCLE
0.86,0.4300000000000002,0.0,MOVE_TO_CIRCLE
0.88,0.4400000000000002,0.0,MOVE_TO_CIRCLE
0.9,0.45000000000000023,0.0,MOVE_TO_CIRCLE
0.92,0.46000000000000024,0.0,MOVE_TO_CIRCLE
0.94,0.47000000000000025,0.0,MOVE_TO_CIRCLE
0.96,0.48000000000000026,0.0,MOVE_TO_CIRCLE
0.98,0.49000000000000027,0.0,MOVE_TO_CIRCLE
1.0,0.5000000000000002,0.0,MOVE_TO_CIRCLE
1.02,0.5100000000000002,0.0,MOVE_TO_CIRCLE
1.04,0.5200000000000002,0.0,MOVE_TO_CIRCLE
1.06,0.5300000000000002,0.0,MOVE_TO_CIRCLE
1.08,0.5400000000000003,0.0,MOVE_TO_CIRCLE
1.1,0.5500000000000003,0.0,MOVE_TO_CIRCLE
1.12,0.5600000000000003,0.0,MOVE_TO_CIRCLE
1.14,0.5700000000000003,0.0,MOVE_TO_CIRCLE
1.16,0.5800000000000003,0.0,MOVE_TO_CIRCLE
1.18,0.5900000000000003,0.0,MOVE_TO_CIRCLE
1.2,0.6000000000000003,0.0,MOVE_TO_CIRCLE
1.22,0.6100000000000003,0.0,MOVE_TO_CIRCLE
1.24,0.6200000000000003,0.0,MOVE_TO_CIRCLE
1.26,0.6300000000000003,0.0,MOVE_TO_CIRCLE
1.28,0.6400000000000003,0.0,MOVE_TO_CIRCLE
1.3,0.6500000000000004,0.0,MOVE_TO_CIRCLE
1.32,0.6600000000000004,0.0,MOVE_TO_CIRCLE
1.34,0.6700000000000004,0.0,MOVE_TO_CIRCLE
1.36,0.6800000000000004,0.0,MOVE_TO_CIRCLE
1.38,0.6900000000000004,0.0,MOVE_TO_CIRCLE
1.4,0.7000000000000004,0.0,MOVE_TO_CIRCLE
1.42,0.7100000000000004,0.0,MOVE_TO_CIRCLE
1.44,0.7200000000000004,0.0,MOVE_TO_CIRCLE
1.46,0.7300000000000004,0.0,MOVE_TO_CIRCLE
1.48,0.7400000000000004,0.0,MOVE_TO_CIRCLE
1.5,0.7500000000000004,0.0,MOVE_TO_CIRCLE
1.52,0.7600000000000005,0.0,MOVE_TO_CIRCLE
1.54,0.7700000000000005,0.0,MOVE_TO_CIRCLE
1.56,0.7800000000000005,0.0,MOVE_TO_CIRCLE
1.58,0.7900000000000005,0.0,MOVE_TO_CIRCLE
1.6,0.8000000000000005,0.0,MOVE_TO_CIRCLE
1.62,0.8100000000000005,0.0,MOVE_TO_CIRCLE
1.64,0.8200000000000005,0.0,MOVE_TO_CIRCLE
1.66,0.8300000000000005,0.0,MOVE_TO_CIRCLE
1.68,0.8400000000000005,0.0,MOVE_TO_CIRCLE
1.7,0.8500000000000005,0.0,MOVE_TO_CIRCLE
1.72,0.8600000000000005,0.0,MOVE_TO_CIRCLE
1.74,0.8700000000000006,0.0,MOVE_TO_CIRCLE
1.76,0.8800000000000006,0.0,MOVE_TO_CIRCLE
1.78,0.8900000000000006,0.0,MOVE_TO_CIRCLE
1.8,0.9000000000000006,0.0,MOVE_TO_CIRCLE
1.82,0.9100000000000006,0.0,MOVE_TO_CIRCLE
1.84,0.9200000000000006,0.0,MOVE_TO_CIRCLE
1.86,0.9300000000000006,0.0,MOVE_TO_CIRCLE
1.88,0.9400000000000006,0.0,MOVE_TO_CIRCLE
1.9,0.9500000000000006,0.0,MOVE_TO_CIRCLE
1.92,0.9600000000000006,0.0,MOVE_TO_CIRCLE
1.94,0.9700000000000006,0.0,MOVE_TO_CIRCLE
1.96,0.9800000000000006,0.0,MOVE_TO_CIRCLE
1.98,0.9900000000000007,0.0,MOVE_TO_CIRCLE
2.0,1.0,0.0,MOVE_TO_CIRCLE
2.02,0.9999500004166653,0.009999833334166664,CIRCLE
2.04,0.9998000066665778,0.01999866669333308,CIRCLE
2.06,0.9995500337489875,0.02999550020249566,CIRCLE
2.08,0.9992001066609779,0.03998933418663416,CIRCLE
2.1,0.9987502603949663,0.04997916927067833,CIRCLE
2.12,0.9982005399352042,0.0599640064794446,CIRCLE
2.14,0.9975510002532796,0.06994284733753277,CIRCLE
2.16,0.9968017063026194,0.0799146939691727,CIRCLE
2.18,0.9959527330119943,0.08987854919801104,CIRCLE
2.2,0.9950041652780258,0.09983341664682814,CIRCLE
2.22,0.9939560979566968,0.1097783008371748,CIRCLE
2.24,0.9928086358538663,0.11971220728891935,CIRCLE
2.26,0.9915618937147881,0.12963414261969483,CIRCLE
2.28,0.9902159962126372,0.13954311464423647,CIRCLE
2.3,0.9887710779360422,0.14943813247359922,CIRCLE
2.32,0.9872272833756269,0.15931820661424598,CIRCLE
2.34,0.9855847669095608,0.16918234906699603,CIRCLE
2.36,0.9838436927881214,0.1790295734258242,CIRCLE
2.38,0.9820042351172703,0.1888588949765006,CIRCLE
2.4,0.9800665778412416,0.19866933079506124,CIRCLE
2.42,0.9780309147241483,0.2084598998460996,CIRCLE
2.44,0.9758974493306055,0.21822962308086938,CIRCLE
2.46,0.9736663950053748,0.22797752353518846,CIRCLE
2.48,0.9713379748520296,0.23770262642713466,CIRCLE
2.5,0.9689124217106447,0.247403959254523,CIRCLE
2.52,0.9663899781345132,0.2570805518921552,CIRCLE
2.54,0.9637708963658905,0.2667314366888312,CIRCLE
2.56,0.9610554383107709,0.2763556485641138,CIRCLE
2.58,0.9582438755126972,0.28595222510483564,CIRCLE
2.6,0.955336489125606,0.29552020666133966,CIRCLE
2.62,0.9523335698857134,0.3050586364434436,CIRCLE
2.64,0.9492354180824408,0.3145665606161179,CIRCLE
2.66,0.9460423435283869,0.3240430283948685,CIRCLE
2.68,0.9427546655283462,0.3334870921408145,CIRCLE
2.7,0.9393727128473789,0.3428978074554515,CIRCLE
2.72,0.9358968236779348,0.3522742332750901,CIRCLE
2.74,0.9323273456060344,0.36161543196496215,CIRCLE
2.76,0.9286646355765101,0.37092046941298285,CIRCLE
2.78,0.924909059857313,0.3801884151231616,CIRCLE
2.8,0.921060994002885,0.3894183423086507,CIRCLE
2.82,0.917120822816605,0.39860932798442306,CIRCLE
2.84,0.9130889403123081,0.40776045305957037,CIRCLE
2.86,0.9089657496748851,0.416870802429211,CIRCLE
2.88,0.9047516632199634,0.4259394650659998,CIRCLE
2.9,0.9004471023526768,0.4349655341112304,CIRCLE
2.92,0.8960524975255252,0.44394810696552,CIRCLE
2.94,0.8915682881953289,0.4528862853790685,CIRCLE
2.96,0.886994922779284,0.4617791755414831,CIRCLE
2.98,0.8823328586101213,0.47062588817115825,CIRCLE
3.0,0.8775825618903726,0.47942553860420317,CIRCLE
3.02,0.8727445076457512,0.4881772468829077,CIRCLE
3.04,0.8678191796776498,0.4968801378437369,CIRCLE
3.06,0.8628070705147609,0.5055333412048472,CIRCLE
3.08,0.857708681363824,0.5141359916531133,CIRCLE
3.1,0.8525245220595056,0.5226872289306594,CIRCLE
3.12,0.847255111013416,0.5311861979208836,CIRCLE
3.14,0.8419009751622686,0.5396320487339695,CIRCLE
3.16,0.8364626499151868,0.5480239367918738,CIRCLE
3.18,0.8309406791001633,0.556361022912784,CIRCLE
3.2,0.8253356149096781,0.5646424733950356,CIRCLE
3.22,0.8196480178454794,0.5728674601004815,CIRCLE
3.24,0.8138784566625338,0.5810351605373053,CIRCLE
3.26,0.8080275083121516,0.5891447579422698,CIRCLE
3.28,0.8020957578842924,0.5971954413623923,CIRCLE
3.3,0.7960837985490556,0.6051864057360399,CIRCLE
3.32,0.7899922314973649,0.6131168519734341,CIRCLE
3.34,0.783821665880849,0.6209859870365599,CIRCLE
3.36,0.7775727187509277,0.6287930240184688,CIRCLE
3.38,0.7712460149971063,0.6365371822219682,CIRCLE
3.4,0.7648421872844882,0.6442176872376913,CIRCLE
3.42,0.7583618759905079,0.651833771021537,CIRCLE
3.44,0.7518057291408947,0.6593846719714734,CIRCLE
3.46,0.7451744023448701,0.6668696350036982,CIRCLE
3.48,0.7384685587295876,0.6742879116281454,CIRCLE
3.5,0.7316888688738206,0.6816387600233345,CIRCLE
3.52,0.7248360107409049,0.6889214451105516,CIRCLE
3.54,0.7179106696109431,0.696135238627357,CIRCLE
3.56,0.7109135380122771,0.7032794192004105,CIRCLE
3.58,0.7038453156522357,0.7103532724176082,CIRCLE
3.6,0.696706709347165,0.7173560908995231,CIRCLE
3.62,0.6894984329517466,0.7242871743701429,CIRCLE
3.64,0.6822212072876132,0.7311458297268962,CIRCLE
3.66,0.6748757600712667,0.7379313711099631,CIRCLE
3.68,0.6674628258413078,0.7446431199708596,CIRCLE
3.7,0.6599831458849817,0.751280405140293,CIRCLE
3.72,0.6524374681640515,0.7578425628952773,CIRCLE
3.74,0.6448265472400008,0.7643289370255054,CIRCLE
3.76,0.6371511441985798,0.7707388788989696,CIRCLE
3.78,0.6294120265736964,0.7770717475268242,CIRCLE
3.8,0.6216099682706641,0.7833269096274837,CIRCLE
3.82,0.6137457494888111,0.7895037396899508,CIRCLE
3.84,0.6058201566434623,0.7956016200363664,CIRCLE
3.86,0.5978339822872978,0.8016199408837775,CIRCLE
3.88,0.5897880250310977,0.8075581004051147,CIRCLE
3.9,0.581683089463883,0.8134155047893741,CIRCLE
3.92,0.5735199860724561,0.8191915683009986,CIRCLE
3.94,0.5652995311603538,0.8248857133384504,CIRCLE
3.96,0.5570225467662168,0.8304973704919708,CIRCLE
3.98,0.548689860581587,0.8360259786005209,CIRCLE
4.0,0.5403023058681392,0.8414709848078968,CIRCLE
4.02,0.5318607213743549,0.8468318446180155,CIRCLE
4.04,0.523365951251649,0.8521080219493633,CIRCLE
4.06,0.5148188449699548,0.8572989891886037,CIRCLE
4.08,0.5062202572327777,0.8624042272433388,CIRCLE
4.1,0.49757104789172635,0.8674232255940173,CIRCLE
4.12,0.48887208186052694,0.8723554823449866,CIRCLE
4.14,0.48012422902853347,0.877200504274682,CIRCLE
4.16,0.47132836417373936,0.8819578068849478,CIRCLE
4.18,0.46248536687530023,0.8866269144494876,CIRCLE
4.2,0.4535961214255767,0.8912073600614356,CIRCLE
4.22,0.4446615167417062,0.895698685680048,CIRCLE
4.24,0.4356824462767115,0.9001004421765053,CIRCLE
4.26,0.4266598079301566,0.9044121893788263,CIRCLE
4.28,0.4175945039583574,0.9086334961158836,CIRCLE
4.3,0.40848744088415656,0.9127639402605214,CIRCLE
4.32,0.39933952940627243,0.9168031087717673,CIRCLE
4.34,0.39015168430822944,0.920750597736136,CIRCLE
4.36,0.380924824366881,0.9246060124080206,CIRCLE
4.38,0.37165987226053215,0.928368967249167,CIRCLE
4.4,0.3623577544766728,0.9320390859672266,CIRCLE
4.42,0.35301940121932956,0.9356160015533862,CIRCLE
4.44,0.3436457463160462,0.9390993563190678,CIRCLE
4.46,0.3342377271245018,0.9424888019316978,CIRCLE
4.48,0.3247962844387754,0.9457839994495393,CIRCLE
4.5,0.31532236239526784,0.9489846193555865,CIRCLE
4.52,0.30581690837828845,0.9520903415905161,CIRCLE
4.54,0.29628087292531785,0.9551008555846925,CIRCLE
4.56,0.2867152096319546,0.9580158602892253,CIRCLE
4.58,0.27712087505655675,0.9608350642060729,CIRCLE
4.6,0.2674988286245865,0.9635581854171932,CIRCLE
4.62,0.25785003253266875,0.9661849516127343,CIRCLE
4.64,0.24817545165237204,0.9687151001182654,CIRCLE
4.66,0.23847605343372227,0.9711483779210448,CIRCLE
4.68,0.22875280780845852,0.9734845416953196,CIRCLE
4.7,0.21900668709304064,0.9757233578266593,CIRCLE
4.72,0.2092386658914184,0.9778646024353164,CIRCLE
4.74,0.199449720997572,0.9799080613986144,CIRCLE
4.76,0.18964083129783338,0.9818535303723599,CIRCLE
4.78,0.17981297767299848,0.9837008148112767,CIRCLE
4.8,0.16996714290023993,0.9854497299884604,CIRCLE
4.82,0.16010431155483018,0.9871001010138505,CIRCLE
4.84,0.15022546991168476,0.98865176285172,CIRCLE
4.86,0.14033160584673562,0.990104560337178,CIRCLE
4.88,0.13042370873814443,0.9914583481916867,CIRCLE
4.9,0.12050276936736551,0.9927129910375886,CIRCLE
4.92,0.11056977982006848,0.993868363411645,CIRCLE
4.94,0.10062573338693062,0.994924349777581,CIRCLE
4.96,0.09067162446430857,0.9958808445376401,CIRCLE
4.98,0.08070844845479952,0.9967377520431435,CIRCLE
5.0,0.0707372016677018,0.9974949866040546,CIRCLE
5.02,0.06075888121938479,0.9981524724975482,CIRCLE
5.04,0.05077448493357807,0.9987101439755831,CIRCLE
5.06,0.040785011241589925,0.999167945271476,CIRCLE
5.08,0.03079145908246501,0.9995258306054791,CIRCLE
5.1,0.02079482780309132,0.999783764189357,CIRCLE
5.12,0.010796117058266282,0.9999417202299663,CIRCLE
5.14,0.0007963267107321531,0.9999996829318346,CIRCLE
5.16,-0.009203543268809447,0.9999576464987401,CIRCLE
5.18,-0.01920249290169376,0.9998156151342908,CIRCLE
5.2,-0.029199522301289926,0.9995736030415051,CIRCLE
5.22,-0.03919363177298882,0.9992316344213905,CIRCLE
5.24,-0.04918382191417166,0.998789743470524,CIRCLE
5.26,-0.05916909371414947,0.9982479743776324,CIRCLE
5.28,-0.06914844865406328,0.9976063813191736,CIRCLE
5.3,-0.07912088880673519,0.9968650284539188,CIRCLE
5.32,-0.08908541693646028,0.9960239899165366,CIRCLE
5.34,-0.09904103659872934,0.9950833498101801,CIRCLE
5.36,-0.10898675223987243,0.9940432021980758,CIRCLE
5.38,-0.11892156929661354,0.9929036510941184,CIRCLE
5.4,-0.12884449429552597,0.9916648104524685,CIRCLE
5.42,-0.13875453495237888,0.9903268041561579,CIRCLE
5.44,-0.14865070027136496,0.9888897660047012,CIRCLE
5.46,-0.15853200064419906,0.9873538397007162,CIRCLE
5.48,-0.16839744794907832,0.9857191788355533,CIRCLE
5.5,-0.1782460556494934,0.9839859468739367,CIRCLE
5.52,-0.18807683889288143,0.9821543171376182,CIRCLE
5.54,-0.19788881460911031,0.9802244727880453,CIRCLE
5.56,-0.2076810016087851,0.9781966068080444,CIRCLE
5.58,-0.21745242068136594,0.9760709219825239,CIRCLE
5.6,-0.22720209469308839,0.9738476308781949,CIRCLE
5.62,-0.23692904868467599,0.971526955822315,CIRCLE
5.64,-0.2466323099688353,0.9691091288804561,CIRCLE
5.66,-0.256310908227524,0.9665943918332972,CIRCLE
5.68,-0.26596387560898166,0.9639829961524478,CIRCLE
5.7,-0.2755902468245142,0.9612752029752996,CIRCLE
5.72,-0.28518905924502214,0.9584712830789138,CIRCLE
5.74,-0.29475935299726225,0.9555715168529435,CIRCLE
5.76,-0.3043001710598347,0.9525761942715949,CIRCLE
5.78,-0.31381055935888374,0.94948561486463,CIRCLE
5.8,-0.3232895668635048,0.946300087687414,CIRCLE
5.82,-0.33273624568084664,0.94301993129001,CIRCLE
5.84,-0.3421496511508996,0.9396454736853244,CIRCLE
5.86,-0.3515288419409613,0.9361770523163055,CIRCLE
5.88,-0.3608728801397686,0.9326150140221999,CIRCLE
5.9,-0.3701808313512883,0.9289597150038688,CIRCLE
5.92,-0.3794517647881559,0.9252115207881677,CIRCLE
5.94,-0.38868475336475344,0.9213708061913948,CIRCLE
5.96,-0.3978788737899174,0.9174379552818093,CIRCLE
5.98,-0.40703320665926696,0.9134133613412245,CIRCLE
6.0,-0.4161468365471436,0.9092974268256812,CIRCLE
6.02,-0.4252188520981534,0.9050905633252004,CIRCLE
6.04,-0.43424834611830126,0.9007931915226269,CIRCLE
6.06,-0.4432344156657097,0.8964057411515596,CIRCLE
6.08,-0.4521761621409124,0.8919286509533794,CIRCLE
6.1,-0.46107269137671314,0.8873623686333753,CIRCLE
6.12,-0.4699231137276022,0.8827073508159741,CIRCLE
6.14,-0.4787265441587198,0.8779640629990781,CIRCLE
6.16,-0.487482102334359,0.8731329795075167,CIRCLE
6.18,-0.49618891270599846,0.8682145834456129,CIRCLE
6.2,-0.5048461045998568,0.8632093666488742,CIRCLE
6.22,-0.5134528123039588,0.8581178296348094,CIRCLE
6.24,-0.5220081751547062,0.8529404815528769,CIRCLE
6.26,-0.5305113376229437,0.8476778401335705,CIRCLE
6.28,-0.5389614493995101,0.8423304316366466,CIRCLE
6.3,-0.5473576654802695,0.8368987907984987,CIRCLE
6.32,-0.5556991462506109,0.8313834607786843,CIRCLE
6.34,-0.5639850575694082,0.8257849931056094,CIRCLE
6.36,-0.5722145708524347,0.8201039476213756,CIRCLE
6.38,-0.5803868631552197,0.8143408924257975,CIRCLE
6.4,-0.5885011172553434,0.8084964038195919,CIRCLE
6.42,-0.5965565217341574,0.8025710662467491,CIRCLE
6.44,-0.6045522710579269,0.7965654722360886,CIRCLE
6.46,-0.6124875656583824,0.790480222342007,CIRCLE
6.48,-0.6203616120126767,0.7843159250844224,CIRCLE
6.5,-0.628173622722736,0.7780731968879238,CIRCLE
6.52,-0.6359228165939993,0.7717526620201285,CIRCLE
6.54,-0.6436084187135371,0.7653549525292563,CIRCLE
6.56,-0.6512296605275422,0.7588807081809249,CIRCLE
6.58,-0.6587857799181841,0.7523305763941739,CIRCLE
6.6,-0.6662760212798204,0.7457052121767236,CIRCLE
6.62,-0.673699635594557,0.7390052780594745,CIRCLE
6.64,-0.6810558805071486,0.7322314440302551,CIRCLE
6.66,-0.6883440203992341,0.7253843874668235,CIRCLE
6.68,-0.6955633264628979,0.7184647930691302,CIRCLE
6.7,-0.7027130767735495,0.7114733527908488,CIRCLE
6.72,-0.7097925563621161,0.7044107657701806,CIRCLE
6.74,-0.7168010572865383,0.6972777382599425,CIRCLE
6.76,-0.723737878702564,0.6900749835569413,CIRCLE
6.78,-0.7306023269338324,0.6828032219306449,CIRCLE
6.8,-0.7373937155412407,0.6754631805511563,CIRCLE
6.82,-0.7441113653915875,0.6680555934164966,CIRCLE
6.84,-0.7507546047254859,0.6605812012792064,CIRCLE
6.86,-0.7573227692245386,0.6530407515722708,CIRCLE
6.88,-0.7638152020777689,0.6454349983343768,CIRCLE
6.9,-0.7702312540473021,0.6377647021345101,CIRCLE
6.92,-0.7765702835332877,0.6300306299958988,CIRCLE
6.94,-0.7828316566380599,0.6222335553193116,CIRCLE
6.96,-0.7890147472295257,0.6143742578057187,CIRCLE
6.98,-0.7951189370037787,0.6064535233783221,CIRCLE
7.0,-0.8011436155469281,0.598472144103964,CIRCLE
7.02,-0.8070881803961404,0.5904309181139206,CIRCLE
7.04,-0.8129520370998843,0.5823306495240899,CIRCLE
7.06,-0.818734599277376,0.5741721483545806,CIRCLE
7.08,-0.8244352886772165,0.5659562304487112,CIRCLE
7.1,-0.8300535352352164,0.5576837173914255,CIRCLE
7.12,-0.8355887771314018,0.5493554364271356,CIRCLE
7.14,-0.8410404608461957,0.5409722203769975,CIRCLE
7.16,-0.8464080412157696,0.5325349075556305,CIRCLE
7.18,-0.8516909814865598,0.5240443416872855,CIRCLE
7.2,-0.8568887533689413,0.515501371821474,CIRCLE
7.22,-0.8620008370900576,0.5069068522480634,CIRCLE
7.24,-0.8670267214457965,0.49826164241184895,CIRCLE
7.26,-0.8719659038519106,0.48956660682660996,CIRCLE
7.28,-0.8768178903942755,0.48082261498865914,CIRCLE
7.3,-0.88158219587828,0.47203054128989363,CIRCLE
7.32,-0.886258343877346,0.46319126493035656,CIRCLE
7.34,-0.8908458667805706,0.45430566983031795,CIRCLE
7.36,-0.8953443058394861,0.4453746445418831,CIRCLE
7.38,-0.8997532112139355,0.4363990821601383,CIRCLE
7.4,-0.9040721420170553,0.4273798802338422,CIRCLE
7.42,-0.9083006663593644,0.41831794067567146,CIRCLE
7.44,-0.9124383613919522,0.4092141696720303,CIRCLE
7.46,-0.9164848133487636,0.40006947759243255,CIRCLE
7.48,-0.920439617587975,0.3908847788984657,CIRCLE
7.5,-0.9243023786324579,0.38166099205234527,CIRCLE
7.52,-0.9280727102093271,0.3723990394250693,CIRCLE
7.54,-0.9317502352885667,0.36309984720418237,CIRCLE
7.56,-0.9353345861207334,0.35376434530115725,CIRCLE
7.58,-0.9388254042737308,0.3443934672584046,CIRCLE
7.6,-0.9422223406686528,0.3349881501559197,CIRCLE
7.62,-0.9455250556146907,0.3255493345175751,CIRCLE
7.64,-0.948733218843102,0.31607796421706896,CIRCLE
7.66,-0.9518465095402373,0.3065749863835386,CIRCLE
7.68,-0.9548646163796215,0.2970413513068481,CIRCLE
7.7,-0.9577872375530855,0.28747801234256054,CIRCLE
7.72,-0.9606140808009476,0.277885925816603,CIRCLE
7.74,-0.9633448634412386,0.2682660509296346,CIRCLE
7.76,-0.9659793123979703,0.25861934966112754,CIRCLE
7.78,-0.9685171642284423,0.24894678667316977,CIRCLE
7.8,-0.9709581651495862,0.23924932921399966,CIRCLE
7.82,-0.9733020710633444,0.22952794702128193,CIRCLE
7.84,-0.9755486475810786,0.2197836122251347,CIRCLE
7.86,-0.9776976700470092,0.2100172992509174,CIRCLE
7.88,-0.9797489235606806,0.2002299847217888,CIRCLE
7.9,-0.9817022029984505,0.1904226473610458,CIRCLE
7.92,-0.983557313034003,0.1805962678942517,CIRCLE
7.94,-0.9853140681578805,0.17075182895116459,CIRCLE
7.96,-0.9869722926960345,0.16089031496747505,CIRCLE
7.98,-0.988531820827393,0.1510127120863636,CIRCLE
8.0,-0.9899924966004426,0.141120008059887,CIRCLE
8.02,-0.9913541739488232,0.13121319215020405,CIRCLE
8.04,-0.9926167167059347,0.12129325503065003,CIRCLE
8.06,-0.9937799986185533,0.11136118868667032,CIRCLE
8.08,-0.9948439033594574,0.10141798631662263,CIRCLE
8.1,-0.9958083245390593,0.09146464223245798,CIRCLE
8.12,-0.9966731657160448,0.08150215176029037,CIRCLE
8.14,-0.997438340407017,0.07153151114086496,CIRCLE
8.16,-0.9981037720951443,0.061553717429934866,CIRCLE
8.18,-0.9986693942378124,0.05156976839855636,CIRCLE
8.2,-0.9991351502732786,0.041580662433312675,CIRCLE
8.22,-0.9995009936263272,0.031587398436476094,CIRCLE
8.24,-0.9997668877129279,0.0215909757261186,CIRCLE
8.26,-0.9999328059438936,0.011592393936180922,CIRCLE
8.28,-0.9999987317275395,0.0015926529165099209,CIRCLE
8.3,-0.9999646584713422,-0.008407247367125526,CIRCLE
8.32,-0.9998305895825987,-0.018406306933030275,CIRCLE
8.34,-0.9995965384680865,-0.02840352588358026,CIRCLE
8.36,-0.9992625285327218,-0.03839790450521142,CIRCLE
8.38,-0.9988285931772198,-0.0483884433683902,CIRCLE
8.4,-0.9982947757947545,-0.0583741434275557,CIRCLE
8.42,-0.9976611297666192,-0.06835400612102341,CIRCLE
8.44,-0.9969277184568889,-0.07832703347084051,CIRCLE
8.46,-0.9960946152060831,-0.08829222818258282,CIRCLE
8.48,-0.9951619033238328,-0.09824859374508349,CIRCLE
8.5,-0.9941296760805489,-0.10819513453008321,CIRCLE
8.52,-0.9929980366980957,-0.11813085589179223,CIRCLE
8.54,-0.9917670983394682,-0.12805476426635412,CIRCLE
8.56,-0.9904369840974767,-0.13796586727120133,CIRCLE
8.58,-0.9890078269824367,-0.1478631738042926,CIRCLE
8.6,-0.9874797699088691,-0.15774569414322234,CIRCLE
8.62,-0.9858529656812075,-0.16761244004419204,CIRCLE
8.64,-0.9841275769785193,-0.1774624248408339,CIRCLE
8.66,-0.9823037763382367,-0.18729466354287658,CIRCLE
8.68,-0.9803817461389042,-0.1971081729346433,CIRCLE
8.7,-0.9783616785819398,-0.20690197167337282,CIRCLE
8.72,-0.9762437756724158,-0.21667508038735275,CIRCLE
8.74,-0.9740282491988584,-0.2264265217738559,CIRCLE
8.76,-0.9717153207120687,-0.2361553206968698,CIRCLE
8.78,-0.9693052215029678,-0.24586050428460948,CIRCLE
8.8,-0.9667981925794683,-0.25554110202680375,CIRCLE
8.82,-0.9641944846423733,-0.26519614587174556,CIRCLE
8.84,-0.9614943580603068,-0.27482467032309627,CIRCLE
8.86,-0.9586980828436769,-0.28442571253643445,CIRCLE
8.88,-0.955805938617675,-0.2939983124155396,CIRCLE
8.9,-0.9528182145943137,-0.30354151270840096,CIRCLE
8.92,-0.9497352095435054,-0.31305435910294194,CIRCLE
8.94,-0.9465572317631863,-0.3225359003224504,CIRCLE
8.96,-0.9432845990484858,-0.3319851882207056,CIRCLE
8.98,-0.9399176386599484,-0.34140127787679214,CIRCLE
9.0,-0.9364566872908071,-0.35078322768959114,CIRCLE
9.02,-0.9329020910333147,-0.3601300994719396,CIRCLE
9.04,-0.9292542053441347,-0.3694409585444482,CIRCLE
9.06,-0.9255133950087963,-0.37871487382896885,CIRCLE
9.08,-0.9216800341052156,-0.3879509179417013,CIRCLE
9.1,-0.9177545059662885,-0.39714816728593083,CIRCLE
9.12,-0.9137372031415577,-0.40630570214438755,CIRCLE
9.14,-0.9096285273579579,-0.4154226067712168,CIRCLE
9.16,-0.9054288894796434,-0.42449796948355323,CIRCLE
9.18,-0.9011387094669026,-0.4335308827526885,CIRCLE
9.2,-0.8967584163341615,-0.442520443294823,CIRCLE
9.22,-0.8922884481070832,-0.45146575216139384,CIRCLE
9.24,-0.8877292517787654,-0.4603659148289687,CIRCLE
9.26,-0.8830812832650416,-0.4692200412886977,CIRCLE
9.28,-0.8783450073588901,-0.4780272461353132,CIRCLE
9.3,-0.8735208976839544,-0.4867866486556699,CIRCLE
9.32,-0.8686094366471818,-0.4954973729168152,CIRCLE
9.34,-0.8636111153905833,-0.5041585478535819,CIRCLE
9.36,-0.8585264337421193,-0.512769307355694,CIRCLE
9.38,-0.8533559001657175,-0.521328790354377,CIRCLE
9.4,-0.8481000317104267,-0.5298361409084636,CIRCLE
9.42,-0.8427593539587124,-0.538290508289988,CIRCLE
9.44,-0.8373344009738994,-0.5466910470692574,CIRCLE
9.46,-0.8318257152467654,-0.5550369171993943,CIRCLE
9.48,-0.8262338476412924,-0.5633272841003404,CIRCLE
9.5,-0.8205593573395813,-0.5715613187423143,CIRCLE
9.52,-0.8148028117859334,-0.5797381977287135,CIRCLE
9.54,-0.808964786630107,-0.5878571033784533,CIRCLE
9.56,-0.8030458656697526,-0.5959172238077346,CIRCLE
9.58,-0.7970466407920339,-0.6039177530112312,CIRCLE
9.6,-0.7909677119144394,-0.6118578909426898,CIRCLE
9.62,-0.7848096869247909,-0.619736843594934,CIRCLE
9.64,-0.778573181620456,-0.6275538230792643,CIRCLE
9.66,-0.7722588196467677,-0.6353080477042465,CIRCLE
9.68,-0.7658672324346617,-0.6429987420538799,CIRCLE
9.7,-0.7593990591375327,-0.6506251370651384,CIRCLE
9.72,-0.7528549465673204,-0.6581864701048762,CIRCLE
9.74,-0.7462355491298286,-0.6656819850460903,CIRCLE
9.76,-0.7395415287592845,-0.673110932343533,CIRCLE
9.78,-0.7327735548521471,-0.6804725691086654,CIRCLE
9.8,-0.7259323042001671,-0.6877661591839453,CIRCLE
9.82,-0.7190184609227086,-0.6949909732164435,CIRCLE
9.84,-0.7120327163983379,-0.7021462887307773,CIRCLE
9.86,-0.704975769195686,-0.709231390201358,CIRCLE
9.88,-0.6978483250035924,-0.7162455691239427,CIRCLE
9.9,-0.6906510965605368,-0.7231881240864843,CIRCLE
9.92,-0.6833848035833657,-0.730058360839272,CIRCLE
9.94,-0.6760501726953219,-0.7368555923643557,CIRCLE
9.96,-0.6686479373533817,-0.7435791389442473,CIRCLE
9.98,-0.6611788377749109,-0.7502283282298917,CIRCLE
10.0,-0.6536436208636431,-0.7568024953079012,CIRCLE
10.02,-0.6460430401349899,-0.7633009827670469,CIRCLE
10.04,-0.6383778556406909,-0.7697231407639977,CIRCLE
10.06,-0.6306488338928077,-0.776068327088306,CIRCLE
10.08,-0.6228567477870741,-0.7823359072266267,CIRCLE
10.1,-0.6150023765256074,-0.7885252544261693,CIRCLE
10.12,-0.6070865055389884,-0.7946357497573715,CIRCLE
10.14,-0.5991099264077191,-0.8006667821757921,CIRCLE
10.16,-0.5910734367830658,-0.8066177485832153,CIRCLE
10.18,-0.5829778403072937,-0.8124880538879594,CIRCLE
10.2,-0.574823946533304,-0.8182771110643858,CIRCLE
10.22,-0.5666125708436796,-0.8239843412116011,CIRCLE
10.24,-0.5583445343691462,-0.8296091736113466,CIRCLE
10.26,-0.5500206639064614,-0.8351510457850696,CIRCLE
10.28,-0.5416417918357351,-0.8406094035501709,CIRCLE
10.3,-0.533208756037192,-0.8459837010754229,CIRCLE
10.32,-0.5247223998073841,-0.8512734009355513,CIRCLE
10.34,-0.5161835717748627,-0.8564779741649782,CIRCLE
10.36,-0.5075931258153156,-0.861596900310718,CIRCLE
10.38,-0.4989519209661796,-0.8666296674844217,CIRCLE
10.4,-0.4902608213407389,-0.871575772413566,CIRCLE
10.42,-0.4815206960417135,-0.8764347204917796,CIRCLE
10.44,-0.4727324190743498,-0.8812060258283039,CIRCLE
10.46,-0.46389686925902107,-0.8858892112965813,CIRCLE
10.48,-0.4550149301433458,-0.8904838085819675,CIRCLE
10.5,-0.4460874899138341,-0.894989358228563,CIRCLE
10.52,-0.43711544130706936,-0.8994054096851575,CIRCLE
10.54,-0.4280996815204356,-0.9037315213502856,CIRCLE
10.56,-0.4190411121223983,-0.9079672606163857,CIRCLE
10.58,-0.4099406389623485,-0.912112203913061,CIRCLE
10.6,-0.4007991720800186,-0.916165936749436,CIRCLE
10.62,-0.3916176256144788,-0.9201280537556052,CIRCLE
10.64,-0.3823969177127246,-0.9239981587231696,CIRCLE
10.66,-0.37313797043786207,-0.9277758646448576,CIRCLE
10.68,-0.3638417096769031,-0.9314607937532251,CIRCLE
10.7,-0.3545090650481768,-0.9350525775584321,CIRCLE
10.72,-0.34514096980836895,-0.938550856885091,CIRCLE
10.74,-0.3357383607591968,-0.9419552819081846,CIRCLE
10.76,-0.3263021781537297,-0.9452655121880474,CIRCLE
10.78,-0.31683336560236486,-0.9484812167044101,CIRCLE
10.8,-0.30733286997846665,-0.9516020738895008,CIRCLE
10.82,-0.29780164132368053,-0.9546277716602015,CIRCLE
10.84,-0.2882406327529292,-0.9575580074492568,CIRCLE
10.86,-0.27865080035910234,-0.9603924882355295,CIRCLE
10.88,-0.2690331031174478,-0.963130930573303,CIRCLE
10.9,-0.259388502789675,-0.9657730606206257,CIRCLE
10.92,-0.24971796382777964,-0.9683186141666945,CIRCLE
10.94,-0.24002245327759908,-0.9707673366582761,CIRCLE
10.96,-0.2303029406821088,-0.973118983225162,CIRCLE
10.98,-0.2205603979844688,-0.9753733187046552,CIRCLE
11.0,-0.21079579943083007,-0.9775301176650862,CIRCLE
11.02,-0.20101012147291084,-0.9795891644283565,CIRCLE
11.04,-0.1912043426703522,-0.9815502530915056,CIRCLE
11.06,-0.18137944359286293,-0.9834131875473012,CIRCLE
11.08,-0.17153640672216341,-0.9851777815038505,CIRCLE
11.1,-0.16167621635373822,-0.9868438585032281,CIRCLE
11.12,-0.15179985849840735,-0.9884112519391225,CIRCLE
11.14,-0.14190832078372614,-0.9898798050734964,CIRCLE
11.16,-0.1320025923552231,-0.9912493710522599,CIRCLE
11.18,-0.1220836637774863,-0.9925198129199566,CIRCLE
11.2,-0.11215252693510783,-0.9936910036334584,CIRCLE
11.22,-0.10221017493349596,-0.99476282607467,CIRCLE
11.24,-0.0922576019995656,-0.9957351730622404,CIRCLE
11.26,-0.08229580338231637,-0.9966079473622811,CIRCLE
11.28,-0.07232577525330852,-0.9973810616980894,CIRCLE
11.3,-0.062348514607046615,-0.998054438758876,CIRCLE
11.32,-0.052365019161280925,-0.998628011207496,CIRCLE
11.34,-0.04237628725723648,-0.9991017216871825,CIRCLE
11.36,-0.03238331775977977,-0.9994755228272822,CIRCLE
11.38,-0.022387109957533083,-0.9997493772479927,CIRCLE
11.4,-0.01238866346294651,-0.9999232575641002,CIRCLE
11.42,-0.0023889781123374934,-0.9999971463877179,CIRCLE
11.44,0.007610946134091949,-0.9999710363300249,CIRCLE
11.46,0.017610109292250417,-0.9998449300020054,CIRCLE
11.48,0.0276075114541547,-0.999618840014187,CIRCLE
11.5,0.03760215288791975,-0.9992927889753801,CIRCLE
11.52,0.047593034137731034,-0.9988668094904168,CIRCLE
11.54,0.05757915612378928,-0.9983409441568909,CIRCLE
11.56,0.0675595202422176,-0.9977152455608972,CIRCLE
11.58,0.07753312846492112,-0.996989776271774,CIRCLE
11.6,0.08749898343938889,-0.9961646088358458,CIRCLE
11.62,0.09745608858842827,-0.9952398257691683,CIRCLE
11.64,0.10740344820982196,-0.9942155195492777,CIRCLE
11.66,0.11734006757589724,-0.9930917926059423,CIRCLE
11.68,0.127264953032998,-0.9918687573109201,CIRCLE
11.7,0.13717711210084924,-0.9905465359667213,CIRCLE
11.72,0.14707555357180424,-0.9891252607943786,CIRCLE
11.74,0.15695928760996464,-0.9876050739202247,CIRCLE
11.76,0.16682732585016302,-0.9859861273616802,CIRCLE
11.78,0.1766786814967987,-0.984268583012052,CIRCLE
11.8,0.18651236942251642,-0.9824526126243437,CIRCLE
11.82,0.19632740626671835,-0.9805383977940807,CIRCLE
11.84,0.20612281053389925,-0.978526129941151,CIRCLE
11.86,0.21589760269179517,-0.9764160102906628,CIRCLE
11.88,0.225650805269336,-0.974208249852823,CIRCLE
11.9,0.23538144295439162,-0.9719030694018352,CIRCLE
11.92,0.24508854269130234,-0.9695006994538239,CIRCLE
11.94,0.25477113377818367,-0.9670013802437817,CIRCLE
11.96,0.2644282479639958,-0.9644053617015469,CIRCLE
11.98,0.27405891954536765,-0.9617129034268105,CIRCLE
12.0,0.2836621854631666,-0.9589242746631561,CIRCLE
12.02,0.29323708539880367,-0.9560397542711363,CIRCLE
12.04,0.30278266187026426,-0.9530596307003866,CIRCLE
12.06,0.3122979603278559,-0.9499842019607805,CIRCLE
12.08,0.32178202924966215,-0.9468137755926291,CIRCLE
12.1,0.33123392023669423,-0.9435486686359275,CIRCLE
12.12,0.34065268810773,-0.9401892075986501,CIRCLE
12.14,0.35003739099383124,-0.9367357284241014,CIRCLE
12.16,0.35938709043253003,-0.9331885764573206,CIRCLE
12.18,0.36870085146167375,-0.9295481064105487,CIRCLE
12.2,0.377977742712921,-0.9258146823277567,CIRCLE
12.22,0.3872168365048774,-0.9219886775482414,CIRCLE
12.24,0.3964172089358629,-0.9180704746692927,CIRCLE
12.26,0.4055779399763014,-0.9140604655079333,CIRCLE
12.28,0.4146981135607228,-0.9099590510617376,CIRCLE
12.3,0.4237768176793687,-0.9057666414687323,CIRCLE
12.32,0.43281314446939284,-0.9014836559663832,CIRCLE
12.34,0.44180619030564644,-0.8971105228496714,CIRCLE
12.36,0.45075505589104015,-0.8926476794282643,CIRCLE
12.38,0.45965884634647264,-0.8880955719827849,CIRCLE
12.4,0.46851667130031827,-0.8834546557201844,CIRCLE
12.42,0.4773276449774631,-0.8787253947282216,CIRCLE
12.44,0.48609088628788194,-0.8739082619290548,CIRCLE
12.46,0.4948055189147464,-0.8690037390319495,CIRCLE
12.48,0.5034706714020559,-0.8640123164851083,CIRCLE
12.5,0.5120854772417827,-0.8589344934266266,CIRCLE
12.52,0.5206490749605218,-0.8537707776345785,CIRCLE
12.54,0.5291606082056376,-0.8485216854762403,CIRCLE
12.56,0.5376192258308986,-0.8431877418564535,CIRCLE
12.58,0.546024081981591,-0.8377694801651351,CIRCLE
12.6,0.5543743361791038,-0.8322674422239392,CIRCLE
12.62,0.5626691534049758,-0.8266821782320747,CIRCLE
12.64,0.5709077041843967,-0.8210142467112865,CIRCLE
12.66,0.579089164669154,-0.8152642144500036,CIRCLE
12.68,0.5872127167200171,-0.8094326564466602,CIRCLE
12.7,0.5952775479885505,-0.803520155852197,CIRCLE
12.72,0.603282851998348,-0.7975273039117466,CIRCLE
12.74,0.6112278282256796,-0.7914546999055089,CIRCLE
12.76,0.6191116821795436,-0.785302951088824,CIRCLE
12.78,0.6269336254811142,-0.7790726726314472,CIRCLE
12.8,0.6346928759425797,-0.7727644875560322,CIRCLE
12.82,0.6423886576453599,-0.76637902667583,CIRCLE
12.84,0.6500202010176978,-0.7599169285316072,CIRCLE
12.86,0.6575867429116155,-0.7533788393277933,CIRCLE
12.88,0.6650875266792291,-0.7467654128678601,CIRCLE
12.9,0.6725218022484126,-0.7400773104889428,CIRCLE
12.92,0.6798888261978043,-0.7333152009957055,CIRCLE
12.94,0.6871878618311483,-0.7264797605934625,CIRCLE
12.96,0.6944181792509638,-0.719571672820558,CIRCLE
12.98,0.7015790554315342,-0.7125916284800126,CIRCLE
13.0,0.7086697742912086,-0.7055403255704435,CIRCLE
13.02,0.7156896267640102,-0.6984184692162657,CIRCLE
13.04,0.7226379108705413,-0.6912267715971797,CIRCLE
13.06,0.7295139317881816,-0.6839659518769544,CIRCLE
13.08,0.7363170019205694,-0.6766367361315111,CIRCLE
13.1,0.7430464409663605,-0.6692398572763169,CIRCLE
13.12,0.7497015759872584,-0.6617760549930929,CIRCLE
13.14,0.7562817414753067,-0.6542460756558478,CIRCLE
13.16,0.7627862794194402,-0.6466506722562404,CIRCLE
13.18,0.7692145393712849,-0.6389906043282811,CIRCLE
13.2,0.7755658785102024,-0.6312666378723795,CIRCLE
13.22,0.7818396617075717,-0.6234795452787443,CIRCLE
13.24,0.7880352615903011,-0.6156301052501458,CIRCLE
13.26,0.7941520586035654,-0.6077191027240457,CIRCLE
13.28,0.8001894410727605,-0.5997473287941042,CIRCLE
13.3,0.8061468052646705,-0.591715580631071,CIRCLE
13.32,0.8120235554478409,-0.5836246614030692,CIRCLE
13.34,0.8178191039521505,-0.5754753801952796,CIRCLE
13.36,0.8235328712275787,-0.5672685519290316,CIRCLE
13.38,0.8291642859021591,-0.5590049972803128,CIRCLE
13.4,0.8347127848391173,-0.5506855425977021,CIRCLE
13.42,0.8401778131931832,-0.5423110198197346,CIRCLE
13.44,0.8455588244660756,-0.5338822663917095,CIRCLE
13.46,0.8508552805611515,-0.5254001251819458,CIRCLE
13.48,0.8560666518372149,-0.5168654443974957,CIRCLE
13.5,0.8611924171614811,-0.5082790774993257,CIRCLE
13.52,0.8662320639616892,-0.49964188311697016,CIRCLE
13.54,0.8711850882773586,-0.49095472496266984,CIRCLE
13.56,0.8760509948101856,-0.4822184717450008,CIRCLE
13.58,0.8808292969735716,-0.4734339970820047,CIRCLE
13.6,0.8855195169412822,-0.46460217941382737,CIRCLE
13.62,0.8901211856952291,-0.4557239019148759,CIRCLE
13.64,0.8946338430723717,-0.4468000524055015,CIRCLE
13.66,0.8990570378107329,-0.4378315232632188,CIRCLE
13.68,0.9033903275945245,-0.4288192113334681,CIRCLE
13.7,0.9076332790983797,-0.4197640178399322,CIRCLE
13.72,0.9117854680306834,-0.4106668482944145,CIRCLE
13.74,0.9158464791760027,-0.4015286124062887,CIRCLE
13.76,0.9198159064366074,-0.3923502239915282,CIRCLE
13.78,0.9236933528730791,-0.383132600881326,CIRCLE
13.8,0.9274784307440054,-0.37387666483031184,CIRCLE
13.82,0.9311707615447533,-0.3645833414243774,CIRCLE
13.84,0.9347699760453199,-0.355253559988119,CIRCLE
13.86,0.9382757143272543,-0.3458882534919055,CIRCLE
13.88,0.9416876258196498,-0.336488358458582,CIRCLE
13.9,0.9450053693342004,-0.3270548148698187,CIRCLE
13.92,0.9482286130993195,-0.31758856607211317,CIRCLE
13.94,0.9513570347933166,-0.3080905586824567,CIRCLE
13.96,0.9543903215766291,-0.2985617424936733,CIRCLE
13.98,0.9573281701231067,-0.28900307037944106,CIRCLE
14.0,0.9601702866503427,-0.279415498199006,CIRCLE
14.02,0.9629163869490529,-0.26979998470159655,CIRCLE
14.04,0.965566196411496,-0.2601574914305495,CIRCLE
14.06,0.9681194500589336,-0.2504889826271566,CIRCLE
14.08,0.9705758925681289,-0.24079542513424107,CIRCLE
14.1,0.972935278296878,-0.23107778829947434,CIRCLE
14.12,0.975197371308574,-0.2213370438784418,CIRCLE
14.14,0.9773619453958009,-0.21157416593746836,CIRCLE
14.16,0.9794287841029539,-0.2017901307562124,CIRCLE
14.18,0.9813976807478845,-0.1919859167300387,CIRCLE
14.2,0.983268438442569,-0.18216250427217973,CIRCLE
14.22,0.9850408701127968,-0.17232087571569513,CIRCLE
14.24,0.9867147985168782,-0.16246201521523917,CIRCLE
14.26,0.9882900562633673,-0.1525869086486463,CIRCLE
14.28,0.9897664858278025,-0.14269654351834388,CIRCLE
14.3,0.9911439395684574,-0.132791908852603,CIRCLE
14.32,0.9924222797411061,-0.12287399510663644,CIRCLE
14.34,0.9936013785127965,-0.11294379406355384,CIRCLE
14.36,0.994681117974634,-0.10300229873518443,CIRCLE
14.38,0.9956613901535722,-0.09305050326277645,CIRCLE
14.4,0.9965420970232102,-0.08308940281758402,CIRCLE
14.42,0.9973231505135948,-0.07311999350135077,CIRCLE
14.44,0.9980044725200279,-0.06314327224670052,CIRCLE
14.46,0.9985859949108766,-0.05316023671744482,CIRCLE
14.48,0.9990676595343865,-0.043171885208817415,CIRCLE
14.5,0.9994494182244965,-0.033179216547645586,CIRCLE
14.52,0.9997312328056558,-0.023183229992468246,CIRCLE
14.54,0.9999130750966412,-0.01318492513361095,CIRCLE
14.56,0.9999949269133749,-0.003185301793227696,CIRCLE
14.58,0.9999767800707438,0.006814640074680472,CIRCLE
14.6,0.9998586363834167,0.01681390048426002,CIRCLE
14.62,0.999640507665664,0.02681147951780268,CIRCLE
14.64,0.9993224157301758,0.036806377425736385,CIRCLE
14.66,0.9989043923858805,0.04679759472659939,CIRCLE
14.68,0.998386479434764,0.0567841323069876,CIRCLE
14.7,0.9977687286676902,0.06676499152146508,CIRCLE
14.72,0.9970512018592207,0.0767391742924277,CIRCLE
14.74,0.9962339707614385,0.08670568320991019,CIRCLE
14.76,0.9953171170967724,0.09666352163132619,CIRCLE
14.78,0.9943007325498248,0.10661169378113171,CIRCLE
14.8,0.9931849187582034,0.1165492048504019,CIRCLE
14.82,0.9919697873023575,0.12647506109631107,CIRCLE
14.84,0.9906554596944201,0.13638826994150613,CIRCLE
14.86,0.9892420673660568,0.14628784007336357,CIRCLE
14.88,0.9877297516553225,0.1561727815431198,CIRCLE
14.9,0.986118663792528,0.16604210586486526,CIRCLE
14.92,0.9844089648851171,0.1758948261143922,CIRCLE
14.94,0.9826008259015557,0.18572995702788622,CIRCLE
14.96,0.9806944276542356,0.19554651510045193,CIRCLE
14.98,0.9786899607813926,0.20534351868446246,CIRCLE
15.0,0.9765876257280438,0.2151199880877236,CIRCLE
15.02,0.9743876327259424,0.22487494567144198,CIRCLE
15.04,0.9720902017725555,0.23460741594798842,CIRCLE
15.06,0.9696955626090638,0.24431642567844558,CIRCLE
15.08,0.967203954697388,0.25400100396993125,CIRCLE
15.1,0.9646156271962432,0.2636601823726867,CIRCLE
15.12,0.9619308389362224,0.27329299497692094,CIRCLE
15.14,0.9591498583939144,0.282898478509401,CIRCLE
15.16,0.9562729636650559,0.29247567242977796,CIRCLE
15.18,0.9533004424367223,0.3020236190266409,CIRCLE
15.2,0.9502325919585595,0.3115413635132867,CIRCLE
15.22,0.9470697190130586,0.32102795412319807,CIRCLE
15.24,0.9438121398848787,0.33048244220521955,CIRCLE
15.26,0.9404601803292176,0.33990388231842167,CIRCLE
15.28,0.9370141755392379,0.34929133232664417,CIRCLE
15.3,0.9334744701125469,0.35864385349270916,CIRCLE
15.32,0.9298414180167374,0.3679605105722938,CIRCLE
15.34,0.9261153825539914,0.3772403719074539,CIRCLE
15.36,0.9222967363247503,0.38648250951978924,CIRCLE
15.38,0.9183858611904548,0.39568599920324027,CIRCLE
15.4,0.9143831482353593,0.40484992061650815,CIRCLE
15.42,0.9102889977274237,0.4139733573750883,CIRCLE
15.44,0.9061038190782869,0.4230553971429075,CIRCLE
15.46,0.9018280308023263,0.4320951317235574,CIRCLE
15.48,0.8974620604748064,0.4410916571511131,CIRCLE
15.5,0.8930063446891214,0.4500440737805288,CIRCLE
15.52,0.8884613290131371,0.4589514863776019,CIRCLE
15.54,0.8838274679446335,0.4678130042084956,CIRCLE
15.56,0.8791052248658557,0.47662774112881123,CIRCLE
15.58,0.8742950719971768,0.48539481567220255,CIRCLE
15.6,0.8693974903498749,0.4941133511385209,CIRCLE
15.62,0.8644129696780334,0.5027824756814852,CIRCLE
15.64,0.859342008429566,0.5114013223958653,CIRCLE
15.66,0.8541851136963715,0.5199690294041722,CIRCLE
15.68,0.848942801163626,0.5284847399428448,CIRCLE
15.7,0.8436155950582139,0.5369476024479256,CIRCLE
15.72,0.8382040280963069,0.5453567706402164,CIRCLE
15.74,0.8327086414300912,0.5537114036099057,CIRCLE
15.76,0.827129984593654,0.5620106659006585,CIRCLE
15.78,0.8214686154480302,0.5702537275931621,CIRCLE
15.8,0.8157251001254164,0.5784397643881161,CIRCLE
15.82,0.8099000129725589,0.5865679576886629,CIRCLE
15.84,0.8039939364933184,0.5946374946822458,CIRCLE
15.86,0.7980074612904213,0.60264756842189,CIRCLE
15.88,0.7919411860063993,0.6105973779068968,CIRCLE
15.9,0.7857957172637253,0.6184861281629422,CIRCLE
15.92,0.7795716696041526,0.6263130303215748,CIRCLE
15.94,0.7732696654272604,0.634077301699101,CIRCLE
15.96,0.7668903349282146,0.6417781658748534,CIRCLE
15.98,0.7604343160347492,0.6494148527688316,CIRCLE
16.0,0.7539022543433735,0.6569865987187101,CIRCLE
16.02,0.7472948030548132,0.6644926465562038,CIRCLE
16.04,0.7406126229086911,0.6719322456827839,CIRCLE
16.06,0.7338563821174532,0.6793046521447373,CIRCLE
16.08,0.7270267562995485,0.6866091287075616,CIRCLE
16.1,0.7201244284118674,0.6938449449296876,CIRCLE
16.12,0.7131500886814469,0.7010113772355228,CIRCLE
16.14,0.706104434536448,0.7081077089878085,CIRCLE
16.16,0.6989881705364139,0.7151332305592834,CIRCLE
16.18,0.6918020083018143,0.7220872394036447,CIRCLE
16.2,0.6845466664428843,0.728969040125803,CIRCLE
16.22,0.6772228704877636,0.7357779445514209,CIRCLE
16.24,0.6698313528099448,0.7425132717957298,CIRCLE
16.26,0.6623728525550358,0.7491743483316182,CIRCLE
16.28,0.6548481155668469,0.7557605080569834,CIRCLE
16.3,0.6472578943128062,0.762271092361341,CIRCLE
16.32,0.6396029478087141,0.7687054501916865,CIRCLE
16.34,0.6318840415428417,0.7750629381175985,CIRCLE
16.36,0.6241019473993833,0.7813429203955824,CIRCLE
16.38,0.6162574435812682,0.7875447690326436,CIRCLE
16.4,0.6083513145323413,0.7936678638490867,CIRCLE
16.42,0.6003843508589187,0.7997115925405326,CIRCLE
16.44,0.5923573492507289,0.8056753507391485,CIRCLE
16.46,0.5842711124012435,0.8115585420740844,CIRCLE
16.48,0.576126448927409,0.8173605782311094,CIRCLE
16.5,0.5679241732887855,0.8230808790114429,CIRCLE
16.52,0.5596651057061017,0.8287188723897737,CIRCLE
16.54,0.5513500720792334,0.8342739945714622,CIRCLE
16.56,0.5429799039046139,0.8397456900489196,CIRCLE
16.58,0.5345554381920857,0.8451334116571579,CIRCLE
16.6,0.5260775173811998,0.850436620628506,CIRCLE
16.62,0.5175469892569722,0.8556547866464861,CIRCLE
16.64,0.5089647068651065,0.8607873878988447,CIRCLE
16.66,0.5003315284266903,0.865833911129734,CIRCLE
16.68,0.4916483172523729,0.8707938516910361,CIRCLE
16.7,0.4829159416560358,0.8756667135928282,CIRCLE
16.72,0.47413527486796175,0.8804520095529809,CIRCLE
16.74,0.4653071949475123,0.8851492610458859,CIRCLE
16.76,0.4564325846953229,0.8897579983503081,CIRCLE
16.78,0.44751233156502307,0.8942777605963579,CIRCLE
16.8,0.4385473275744925,0.8987080958115771,CIRCLE
16.82,0.42953846921665934,0.903048560966136,CIRCLE
16.84,0.4204866573698521,0.9072987220171362,CIRCLE
16.86,0.4113927972077122,0.9114581539520145,CIRCLE
16.88,0.40225779810867773,0.9155264408310435,CIRCLE
16.9,0.3930825735650461,0.9195031758289256,CIRCLE
16.92,0.3838680410916257,0.923387961275475,CIRCLE
16.94,0.3746151221339851,0.9271804086953841,CIRCLE
16.96,0.3653247419763094,0.9308801388470714,CIRCLE
16.98,0.3559978296488723,0.934486781760605,CIRCLE
17.0,0.3466353178351341,0.9379999767746988,CIRCLE
17.02,0.33723814277847425,0.9414193725727793,CIRCLE
17.04,0.32780724418856744,0.944744627218116,CIRCLE
17.06,0.3183435651474135,0.9479754081880154,CIRCLE
17.08,0.3088480520150303,0.951111392407073,CIRCLE
17.1,0.2993216543348181,0.95415226627948,CIRCLE
17.12,0.2897653247386063,0.9570977257203833,CIRCLE
17.14,0.28018001885139093,0.9599474761862934,CIRCLE
17.16,0.270566695195773,0.9627012327045383,CIRCLE
17.18,0.260926315096107,0.9653587199017613,CIRCLE
17.2,0.2512598425823692,0.9679196720314569,CIRCLE
17.22,0.2415682442937557,0.9703838330005464,CIRCLE
17.24,0.23185248938201905,0.9727509563949864,CIRCLE
17.26,0.22211354941455394,0.97502080550441,CIRCLE
17.28,0.2123523982772414,0.9771931533457978,CIRCLE
17.3,0.20257001207706088,0.9792677826861759,CIRCLE
17.32,0.1927673690444804,0.9812444860643391,CIRCLE
17.34,0.18294544943563446,0.983123065811597,CIRCLE
17.36,0.17310523543429898,0.9849033340715402,CIRCLE
17.38,0.16324771105367394,0.9865851128188263,CIRCLE
17.4,0.15337386203798284,0.988168233876982,CIRCLE
17.42,0.14348467576389906,0.9896525389352209,CIRCLE
17.44,0.13358114114180908,0.9910378795642738,CIRCLE
17.46,0.12366424851692213,0.9923241172312325,CIRCLE
17.48,0.11373498957023671,0.9935111233134022,CIRCLE
17.5,0.1037943572193731,0.9945987791111636,CIRCLE
17.52,0.09384334551928258,0.9955869758598435,CIRCLE
17.54,0.08388294956284265,0.9964756147405904,CIRCLE
17.56,0.07391416538134865,0.9972646068902569,CIRCLE
17.58,0.06393798984491146,0.9979538734102854,CIRCLE
17.6,0.05395542056277125,0.9985433453745984,CIRCLE
17.62,0.043967455783537474,0.9990329638364905,CIRCLE
17.64,0.033975094295364765,0.9994226798345238,CIRCLE
17.66,0.023979335326075,0.9997124543974231,CIRCLE
17.68,0.013981178443235343,0.9999022585479734,CIRCLE
17.7,0.003981623454202306,0.9999920733059182,CIRCLE
17.72,-0.006018329693858142,0.9999818896898564,CIRCLE
17.74,-0.016017681013964464,0.9998717087181409,CIRCLE
17.76,-0.026015430579317413,0.9996615414087774,CIRCLE
17.78,-0.03601057862329188,0.9993514087783214,CIRCLE
17.8,-0.046002125639412736,0.9989413418397778,CIRCLE
17.82,-0.05598907248130463,0.9984313815994984,CIRCLE
17.84,-0.06597042046260579,0.9978215790530826,CIRCLE
17.86,-0.07594517145683587,0.9971119951802765,CIRCLE
17.88,-0.08591232799720769,0.9963027009388764,CIRCLE
17.9,-0.09587089337637315,0.9953937772576319,CIRCLE
17.92,-0.10581987174609314,0.9943853150281536,CIRCLE
17.94,-0.11575826821682143,0.9932774150958242,CIRCLE
17.96,-0.12568508895719296,0.9920701882497137,CIRCLE
17.98,-0.13559934129340598,0.9907637552115006,CIRCLE
18.0,-0.14550003380848875,0.9893582466234001,CIRCLE
18.02,-0.1553861764414403,0.9878538030350997,CIRCLE
18.04,-0.16525678058623572,0.9862505748897046,CIRCLE
18.06,-0.17511085919068609,0.9845487225086932,CIRCLE
18.08,-0.18494742685514257,0.9827484160758855,CIRCLE
18.1,-0.19476549993103592,0.9808498356204245,CIRCLE
18.12,-0.2045640966192402,0.9788531709987736,CIRCLE
18.14,-0.21434223706825206,0.976758621875731,CIRCLE
18.16,-0.22409894347217502,0.9745663977044637,CIRCLE
18.18,-0.2338332401684993,0.9722767177055619,CIRCLE
18.2,-0.24354415373566707,0.9698898108451175,CIRCLE
18.22,-0.25323071309041406,0.9674059158118273,CIRCLE
18.24,-0.26289194958487694,0.9648252809931249,CIRCLE
18.26,-0.27252689710345723,0.9621481644503417,CIRCLE
18.28,-0.28213459215943215,0.9593748338929008,CIRCLE
18.3,-0.29171407399130245,0.956505566651547,CIRCLE
18.32,-0.30126438465886796,0.9535406496506132,CIRCLE
18.34,-0.31078456913902036,0.9504803793793292,CIRCLE
18.36,-0.32027367542124513,0.9473250618621715,CIRCLE
18.38,-0.32973075460282164,0.9440750126282624,CIRCLE
18.4,-0.33915486098371256,0.9407305566798171,CIRCLE
18.42,-0.34854505216113324,0.9372920284596433,CIRCLE
18.44,-0.357900389123791,0.9337597718176978,CIRCLE
18.46,-0.36721993634578576,0.9301341399767009,CIRCLE
18.48,-0.3765027618801615,0.9264154954968156,CIRCLE
18.5,-0.38574793745210056,0.922604210239391,CIRCLE
18.52,-0.3949545385517499,0.9187006653297767,CIRCLE
18.54,-0.4041216445266717,0.9147052511192107,CIRCLE
18.56,-0.4132483386739078,0.9106183671457847,CIRCLE
18.58,-0.422333708331649,0.9064404220944903,CIRCLE
18.6,-0.4313768449705006,0.9021718337563508,CIRCLE
18.62,-0.44037684428433466,0.8978130289866431,CIRCLE
18.64,-0.4493328062807198,0.8933644436622118,CIRCLE
18.66,-0.45824383537091956,0.8888265226378821,CIRCLE
18.68,-0.4671090404594509,0.884199719701975,CIRCLE
18.7,-0.47592753503319246,0.8794844975309283,CIRCLE
18.72,-0.4846984372500357,0.8746813276430297,CIRCLE
18.74,-0.49342087002706797,0.8697906903512657,CIRCLE
18.76,-0.5020939611282802,0.8648130747152896,CIRCLE
18.78,-0.5107168432517898,0.8597489784925172,CIRCLE
18.8,-0.5192886541165702,0.8545989080883506,CIRCLE
18.82,-0.5278085365486781,0.8493633785055386,CIRCLE
18.84,-0.53627563856697,0.8440429132926764,CIRCLE
18.86,-0.5446891134683002,0.8386380444918518,CIRCLE
18.88,-0.5530481199121896,0.8331493125854407,CIRCLE
18.9,-0.5613518220049597,0.8275772664420598,CIRCLE
18.92,-0.569599389383321,0.8219224632616802,CIRCLE
18.94,-0.5777899972974084,0.8161854685199074,CIRCLE
18.96,-0.5859228266932562,0.810366855911435,CIRCLE
18.98,-0.5939970642947021,0.8044672072926748,CIRCLE
19.0,-0.6020119026847144,0.7984871126235726,CIRCLE
19.02,-0.6099665403861332,0.7924271699086117,CIRCLE
19.04,-0.617860181941817,0.7862879851370137,CIRCLE
19.06,-0.6256920379941885,0.7800701722221399,CIRCLE
19.08,-0.6334613253641689,0.7737743529401001,CIRCLE
19.1,-0.6411672671294955,0.7674011568675762,CIRCLE
19.12,-0.6488090927024135,0.7609512213188642,CIRCLE
19.14,-0.6563860379067336,0.7544251912821444,CIRCLE
19.16,-0.6638973450542496,0.7478237193549818,CIRCLE
19.18,-0.6713422630205061,0.7411474656790682,CIRCLE
19.2,-0.6787200473199106,0.7343970978742074,CIRCLE
19.22,-0.6860299601801814,0.7275732909715548,CIRCLE
19.24,-0.6932712706161238,0.7206767273461141,CIRCLE
19.26,-0.7004432545027287,0.7137080966485008,CIRCLE
19.28,-0.7075451946475841,0.7066680957359772,CIRCLE
19.3,-0.7145763808625938,0.6995574286027684,CIRCLE
19.32,-0.7215361100349955,0.6923768063096617,CIRCLE
19.34,-0.728423686197672,0.6851269469129029,CIRCLE
19.36,-0.7352384205987462,0.6778085753923899,CIRCLE
19.38,-0.7419796317704573,0.6704224235791764,CIRCLE
19.4,-0.7486466455973056,0.6629692300822884,CIRCLE
19.42,-0.7552387953834644,0.6554497402148647,CIRCLE
19.44,-0.7617554219194483,0.6478647059196259,CIRCLE
19.46,-0.7681958735480344,0.6402148856936805,CIRCLE
19.48,-0.7745595062294268,0.6325010445126763,CIRCLE
19.5,-0.7808456836056603,0.6247239537543033,CIRCLE
19.52,-0.7870537770642358,0.6168843911211566,CIRCLE
19.54,-0.793183165800981,0.6089831405629662,CIRCLE
19.56,-0.7992332368821298,0.6010209921982039,CIRCLE
19.58,-0.8052033853056157,0.5929987422350709,CIRCLE
19.6,-0.8110930140615719,0.5849171928918784,CIRCLE
19.62,-0.8169015341920303,0.576777152316826,CIRCLE
19.64,-0.8226283648498186,0.5685794345071881,CIRCLE
19.66,-0.8282729333566433,0.5603248592279139,CIRCLE
19.68,-0.8338346752603575,0.5520142519296528,CIRCLE
19.7,-0.8393130343914055,0.5436484436662091,CIRCLE
19.72,-0.8447074629184396,0.5352282710114377,CIRCLE
19.74,-0.8500174214031024,0.5267545759755872,CIRCLE
19.76,-0.8552423788539704,0.5182282059210997,CIRCLE
19.78,-0.8603818127796525,0.5096500134778756,CIRCLE
19.8,-0.8654352092410392,0.5010208564580108,CIRCLE
19.82,-0.8704020629026955,0.49234159777001596,CIRCLE
19.84,-0.875281877083394,0.4836131053325275,CIRCLE
19.86,-0.8800741638057834,0.47483625198751533,CIRCLE
19.88,-0.8847784438451849,0.466011915413,CIRCLE
19.9,-0.8893942467775148,0.45714097803528536,CIRCLE
19.92,-0.8939211110263262,0.44822432694071673,CIRCLE
19.94,-0.898358583908967,0.43926285378697305,CIRCLE
19.96,-0.9027062216818463,0.4302574547139018,CIRCLE
19.98,-0.9069635895848103,0.4212090302539059,CIRCLE
20.0,-0.9111302618846162,0.41211848524189093,CIRCLE
20.02,-0.9152058219175064,0.4029867287247827,CIRCLE
20.04,-0.9191898621308737,0.39381467387062313,CIRCLE
20.06,-0.9230819841240171,0.3846032378772543,CIRCLE
20.08,-0.9268817986879804,0.37535334188059943,CIRCLE
20.1,-0.9305889258444738,0.36606591086254986,CIRCLE
20.12,-0.934202994883871,0.356741873558468,CIRCLE
20.14,-0.9377236444022798,0.34738216236431413,CIRCLE
20.16,-0.941150522337682,0.33798771324340804,CIRCLE
20.18,-0.9444832860051401,0.3285594656328331,CIRCLE
20.2,-0.9477216021310643,0.3190983623494935,CIRCLE
20.22,-0.9508651468865408,0.3096053494958334,CIRCLE
20.24,-0.9539136059197136,0.3000813763652273,CIRCLE
20.26,-0.95686667438722,0.29052739534705163,CIRCLE
20.28,-0.9597240569846737,0.28094436183144667,CIRCLE
20.3,-0.9624854679761964,0.2713332341137781,CIRCLE
20.32,-0.9651506312229899,0.2616949732988083,CIRCLE
20.34,-0.9677192802109508,0.2520305432045872,CIRCLE
20.36,-0.9701911580773206,0.24234091026607027,CIRCLE
20.38,-0.9725660176363726,0.23262704343847687,CIRCLE
20.4,-0.97484362140413,0.22288991410039485,CIRCLE
20.42,-0.9770237416221138,0.21313049595664374,CIRCLE
20.44,-0.9791061602801193,0.20334976494090515,CIRCLE
20.46,-0.9810906691380158,0.19354869911813002,CIRCLE
20.48,-0.9829770697465713,0.18372827858673316,CIRCLE
20.5,-0.9847651734672971,0.173889485380584,CIRCLE
20.52,-0.9864548014913109,0.16403330337080418,CIRCLE
20.54,-0.9880457848572187,0.15416071816738128,CIRCLE
20.56,-0.9895379644680095,0.14427271702060845,CIRCLE
20.58,-0.9909311911069656,0.13437028872236043,CIRCLE
20.6,-0.9922253254525842,0.12445442350721504,CIRCLE
20.62,-0.9934202380925093,0.11452611295343061,CIRCLE
20.64,-0.9945158095364727,0.10458634988378895,CIRCLE
20.66,-0.9955119302282428,0.0946361282663139,CIRCLE
20.68,-0.9964085005565806,0.0846764431148754,CIRCLE
20.7,-0.9972054308652004,0.07470829038968889,CIRCLE
20.72,-0.9979026414617354,0.06473266689772011,CIRCLE
20.74,-0.998500062625707,0.05475057019300526,CIRCLE
20.76,-0.9989976346154966,0.044762998476896444,CIRCLE
20.78,-0.99939530767432,0.0347709504982423,CIRCLE
20.8,-0.9996930420352026,0.02477542545351404,CIRCLE
20.82,-0.9998908079249564,0.014777422886886538,CIRCLE
20.84,-0.9999885855671573,0.004777942590284829,CIRCLE
20.86,-0.9999863651841225,-0.005222015496594303,CIRCLE
20.88,-0.9998841469978885,-0.015221451386275441,CIRCLE
20.9,-0.9996819412301888,-0.025219365143502454,CIRCLE
20.92,-0.9993797681014316,-0.03521475698523118,CIRCLE
20.94,-0.9989776578286779,-0.04520662738060692,CIRCLE
20.96,-0.9984756506226199,-0.05519397715091666,CIRCLE
20.98,-0.9978737966835599,-0.06517580756950614,CIRCLE
21.0,-0.9971721561963903,-0.07515112046165166,CIRCLE
21.02,-0.9963707993245752,-0.08511891830437673,CIRCLE
21.04,-0.9954698062031337,-0.09507820432620358,CIRCLE
21.06,-0.9944692669306274,-0.10502798260682937,CIRCLE
21.08,-0.9933692815601497,-0.1149672581767175,CIRCLE
21.1,-0.9921699600893209,-0.1248950371165937,CIRCLE
21.12,-0.9908714224492887,-0.1348103266568371,CIRCLE
21.14,-0.9894737984927351,-0.14471213527675636,CIRCLE
21.16,-0.9879772279808909,-0.15459947280374098,CIRCLE
21.18,-0.9863818605695603,-0.1644713505122777,CIRCLE
21.2,-0.9846878557941549,-0.17432678122282222,CIRCLE
21.22,-0.9828953830537405,-0.18416477940051626,CIRCLE
21.24,-0.9810046215940974,-0.1939843612537404,CIRCLE
21.26,-0.9790157604897962,-0.20378454483249228,CIRCLE
21.28,-0.9769289986252897,-0.21356435012658076,CIRCLE
21.3,-0.9747445446750255,-0.22332279916362632,CIRCLE
21.32,-0.9724626170825781,-0.2330589161068572,CIRCLE
21.34,-0.9700834440388053,-0.24277172735269253,CIRCLE
21.36,-0.9676072634590288,-0.2524602616281017,CIRCLE
21.38,-0.9650343229592432,-0.26212355008773086,CIRCLE
21.4,-0.9623648798313541,-0.27176062641078685,CIRCLE
21.42,-0.9595992010174501,-0.2813705268976682,CIRCLE
21.44,-0.9567375630831076,-0.2909522905663345,CIRCLE
21.46,-0.9537802521897355,-0.3005049592484035,CIRCLE
21.48,-0.9507275640659586,-0.31002757768496764,CIRCLE
21.5,-0.9475798039780454,-0.3195191936221188,CIRCLE
21.52,-0.9443372866993817,-0.3289788579061728,CIRCLE
21.54,-0.9410003364789931,-0.33840562457858436,CIRCLE
21.56,-0.937569287009121,-0.34779855097054174,CIRCLE
21.58,-0.934044481391853,-0.3571566977972333,CIRCLE
21.6,-0.9304262721048138,-0.3664791292517747,CIRCLE
21.62,-0.9267150209659167,-0.3757649130987892,CIRCLE
21.64,-0.9229110990971829,-0.38501312076763017,CIRCLE
21.66,-0.9190148868876294,-0.3942228274452376,CIRCLE
21.68,-0.9150267739552305,-0.40339311216861845,CIRCLE
21.7,-0.9109471591079557,-0.4125230579169422,CIRCLE
21.72,-0.9067764503038902,-0.4216117517032424,CIRCLE
21.74,-0.902515064610439,-0.43065828466571415,CIRCLE
21.76,-0.89816342816262,-0.4396617521586001,CIRCLE
21.78,-0.8937219761204517,-0.4486212538426537,CIRCLE
21.8,-0.8891911526254372,-0.4575358937751729,CIRCLE
21.82,-0.8845714107561505,-0.46640478049959316,CIRCLE
21.84,-0.8798632124829284,-0.4752270271346329,CIRCLE
21.86,-0.8750670286216751,-0.4840017514629803,CIRCLE
21.88,-0.8701833387867796,-0.4927280760195149,CIRCLE
21.9,-0.8652126313431557,-0.5014051281790529,CIRCLE
21.92,-0.8601554033574057,-0.5100320402436093,CIRCLE
21.94,-0.8550121605481138,-0.5186079495291664,CIRCLE
21.96,-0.8497834172352748,-0.5271319984519426,CIRCLE
21.98,-0.8444696962888628,-0.5356033346141488,CIRCLE
22.0,-0.8390715290765443,-0.5440211108892282,CIRCLE
22.02,-0.8335894554105421,-0.5523844855065682,CIRCLE
22.04,-0.8280240234936543,-0.5606926221356762,CIRCLE
22.06,-0.8223757898644349,-0.5689446899698131,CIRCLE
22.08,-0.81664531934154,-0.5771398638090719,CIRCLE
22.1,-0.8108331849672465,-0.5852773241428981,CIRCLE
22.12,-0.8049399679501482,-0.5933562572320396,CIRCLE
22.14,-0.7989662576070361,-0.6013758551899197,CIRCLE
22.16,-0.7929126513039663,-0.6093353160634256,CIRCLE
22.18,-0.7867797543965244,-0.6172338439131031,CIRCLE
22.2,-0.7805681801692903,-0.625070648892749,CIRCLE
22.22,-0.7742785497745108,-0.6328449473283961,CIRCLE
22.24,-0.7679114921699838,-0.6405559617966794,CIRCLE
22.26,-0.7614676440561639,-0.6482029212025779,CIRCLE
22.28,-0.7549476498124925,-0.6557850608565234,CIRCLE
22.3,-0.7483521614329609,-0.6633016225508691,CIRCLE
22.32,-0.7416818384609107,-0.6707518546357091,CIRCLE
22.34,-0.7349373479230806,-0.6781350120940436,CIRCLE
22.36,-0.728119364262904,-0.6854503566162793,CIRCLE
22.38,-0.7212285692730651,-0.6926971566740602,CIRCLE
22.4,-0.7142656520273208,-0.6998746875934193,CIRCLE
22.42,-0.7072313088115931,-0.706982231627246,CIRCLE
22.44,-0.7001262430543418,-0.71401907802706,CIRCLE
22.46,-0.6929511652562216,-0.7209845231140851,CIRCLE
22.48,-0.6857067929190331,-0.7278778703496173,CIRCLE
22.5,-0.6783938504739732,-0.7346984304046773,CIRCLE
22.52,-0.6710130692091922,-0.7414455212289436,CIRCLE
22.54,-0.663565187196666,-0.7481184681189562,CIRCLE
22.56,-0.6560509492183892,-0.7547166037855868,CIRCLE
22.58,-0.648471106691898,-0.7612392684207674,CIRCLE
22.6,-0.6408264175951283,-0.7676858097634698,CIRCLE
22.62,-0.6331176463906193,-0.7740555831649318,CIRCLE
22.64,-0.6253455639490676,-0.7803479516531215,CIRCLE
22.66,-0.6175109474722406,-0.7865622859964339,CIRCLE
22.68,-0.609614580415257,-0.7926979647666128,CIRCLE
22.7,-0.6016572524082424,-0.7987543744008946,CIRCLE
22.72,-0.5936397591773663,-0.8047309092633627,CIRCLE
22.74,-0.5855629024652707,-0.8106269717055113,CIRCLE
22.76,-0.577427489950896,-0.8164419721260097,CIRCLE
22.78,-0.5692343351687141,-0.8221753290296614,CIRCLE
22.8,-0.5609842574273758,-0.827826469085554,CIRCLE
22.82,-0.5526780817277801,-0.8333948271843912,CIRCLE
22.84,-0.5443166386805751,-0.8388798464950032,CIRCLE
22.86,-0.5359007644230978,-0.84428097852003,CIRCLE
22.88,-0.5274313005357606,-0.84959768315077,CIRCLE
22.9,-0.5189090939578944,-0.8548294287211906,CIRCLE
22.92,-0.5103349969030553,-0.8599756920610946,CIRCLE
22.94,-0.5017098667738036,-0.8650359585484364,CIRCLE
22.96,-0.49303456607596474,-0.8700097221607843,CIRCLE
22.98,-0.48430996233237905,-0.8748964855259219,CIRCLE
23.0,-0.4755369279961504,-0.8796957599715848,CIRCLE
23.02,-0.46671634036340154,-0.8844070655743279,CIRCLE
23.04,-0.4578490814855454,-0.889029931207517,CIRCLE
23.06,-0.4489360380810803,-0.8935638945884412,CIRCLE
23.08,-0.4399781014469192,-0.8980085023245407,CIRCLE
23.1,-0.4309761673692606,-0.9023633099587456,CIRCLE
23.12,-0.4219311360340107,-0.9066278820139215,CIRCLE
23.14,-0.4128439119367655,-0.9108017920364168,CIRCLE
23.16,-0.4037154037923621,-0.9148846226387074,CIRCLE
23.18,-0.39454652444400784,-0.9188759655411355,CIRCLE
23.2,-0.3853381907719968,-0.9227754216127368,CIRCLE
23.22,-0.37609132360202274,-0.9265826009111539,CIRCLE
23.24,-0.36680684761309684,-0.9302971227216293,CIRCLE
23.26,-0.35748569124508095,-0.9339186155950777,CIRCLE
23.28,-0.34812878660584434,-0.9374467173852296,CIRCLE
23.3,-0.3387370693780535,-0.9408810752848459,CIRCLE
23.32,-0.3293114787256048,-0.9442213458609986,CIRCLE
23.34,-0.31985295719970885,-0.9474671950894138,CIRCLE
23.36,-0.3103624506446362,-0.9506182983878734,CIRCLE
23.38,-0.3008409081031336,-0.9536743406486734,CIRCLE
23.4,-0.2912892817215205,-0.9566350162701346,CIRCLE
23.42,-0.28170852665447565,-0.9595000291871619,CIRCLE
23.44,-0.2720996009695216,-0.9622690929008513,CIRCLE
23.46,-0.2624634655512196,-0.9649419305071387,CIRCLE
23.48,-0.25280108400508117,-0.9675182747244911,CIRCLE
23.5,-0.24311342256120919,-0.9699978679206336,CIRCLE
23.52,-0.23340144997767492,-0.9723804621383129,CIRCLE
23.54,-0.22366613744364344,-0.9746658191200926,CIRCLE
23.56,-0.2139084584822554,-0.9768537103321793,CIRCLE
23.58,-0.2041293888532756,-0.9789439169872747,CIRCLE
23.6,-0.19432990645551776,-0.9809362300664553,CIRCLE
23.62,-0.1845109912290554,-0.9828304503400733,CIRCLE
23.64,-0.17467362505722878,-0.9846263883876801,CIRCLE
23.66,-0.1648187916684573,-0.9863238646169673,CIRCLE
23.68,-0.15494747653786753,-0.9879227092817267,CIRCLE
23.7,-0.1450606667887464,-0.989422762498824,CIRCLE
23.72,-0.13515935109382993,-0.9908238742641877,CIRCLE
23.74,-0.12524451957643648,-0.9921259044678088,CIRCLE
23.76,-0.11531716371145546,-0.9933287229077519,CIRCLE
23.78,-0.10537827622620062,-0.9944322093031754,CIRCLE
23.8,-0.0954288510011381,-0.9954362533063594,CIRCLE
23.82,-0.08546988297049923,-0.9963407545137403,CIRCLE
23.84,-0.07550236802278798,-0.9971456224759508,CIRCLE
23.86,-0.0655273029011929,-0.9978507767068658,CIRCLE
23.88,-0.055545685103913583,-0.9984561466916496,CIRCLE
23.9,-0.0455585127844118,-0.9989616718938082,CIRCLE
23.92,-0.03556678465159688,-0.9993673017612428,CIRCLE
23.94,-0.02557149986995568,-0.9996729957313045,CIRCLE
23.96,-0.015573657959637005,-0.9998787232348513,CIRCLE
23.98,-0.005574258696500369,-0.9999844636993039,CIRCLE
24.0,0.004425697987860718,-0.9999902065507043,CIRCLE
24.02,0.014425212106111087,-0.999895951214772,CIRCLE
24.04,0.024423283715171815,-0.999701707116962,CIRCLE
24.06,0.03441891301621369,-0.9994074936815225,CIRCLE
24.08,0.04441110045463629,-0.9990133403295515,CIRCLE
24.1,0.054398846820022544,-0.9985192864760558,CIRCLE
24.12,0.06438115334605901,-0.9979253815260093,CIRCLE
24.14,0.07435702181041166,-0.9972316848694118,CIRCLE
24.16,0.08432545463454726,-0.9964382658753511,CIRCLE
24.18,0.09428545498349036,-0.9955452038850653,CIRCLE
24.2,0.10423602686550608,-0.9945525882040092,CIRCLE
24.22,0.1141761752316983,-0.9934605180929238,CIRCLE
24.24,0.12410490607551386,-0.99226910275791,CIRCLE
24.26,0.13402122653214227,-0.9909784613395087,CIRCLE
24.28,0.14392414497780145,-0.989588722900786,CIRCLE
24.3,0.15381267112889926,-0.9881000264144278,CIRCLE
24.32,0.16368581614106095,-0.9865125207488422,CIRCLE
24.34,0.17354259270801295,-0.9848263646532727,CIRCLE
24.36,0.18338201516031247,-0.9830417267419237,CIRCLE
24.38,0.19320309956391382,-0.9811587854770992,CIRCLE
24.4,0.2030048638185608,-0.9791777291513567,CIRCLE
24.42,0.2127863277559961,-0.9770987558686777,CIRCLE
24.44,0.22254651323797714,-0.9749220735246581,CIRCLE
24.46,0.2322844442540892,-0.9726478997857184,CIRCLE
24.48,0.24199914701934558,-0.9702764620673373,CIRCLE
24.5,0.2516896500715653,-0.9678079975113106,CIRCLE
24.52,0.26135498436851856,-0.9652427529620367,CIRCLE
24.54,0.27099418338483006,-0.9625809849418329,CIRCLE
24.56,0.2806062832086308,-0.9598229596252831,CIRCLE
24.58,0.2901903226379485,-0.9569689528126204,CIRCLE
24.6,0.2997453432768268,-0.954019249902148,CIRCLE
24.62,0.30927038963116443,-0.9509741458616989,CIRCLE
24.64,0.31876450920426336,-0.9478339451991393,CIRCLE
24.66,0.3282267525920781,-0.9445989619319188,CIRCLE
24.68,0.337656173578155,-0.9412695195556684,CIRCLE
24.7,0.34705182922825334,-0.937845951011851,CIRCLE
24.72,0.3564127799846377,-0.9343285986544682,CIRCLE
24.74,0.3657380897600333,-0.9307178142158244,CIRCLE
24.76,0.3750268260312336,-0.9270139587713546,CIRCLE
24.78,0.3842780599323521,-0.9232174027035168,CIRCLE
24.8,0.393490866347708,-0.919328525664754,CIRCLE
24.82,0.4026643240043371,-0.9153477165395292,CIRCLE
24.84,0.41179751556411825,-0.9112753734054376,CIRCLE
24.86,0.4208895277155065,-0.9071119034933992,CIRCLE
24.88,0.4299394512648632,-0.9028577231469355,CIRCLE
24.9,0.43894638122737517,-0.8985132577805359,CIRCLE
24.92,0.4479094169175518,-0.894078941837117,CIRCLE
24.94,0.4568276620392933,-0.8895552187445775,CIRCLE
24.96,0.4657002247755193,-0.8849425408714573,CIRCLE
24.98,0.47452621787735,-0.8802413694816995,CIRCLE
25.0,0.4833047587528302,-0.8754521746885255,CIRCLE
25.02,0.49203496955518766,-0.8705754354074238,CIRCLE
25.04,0.5007159772706175,-0.8656116393082585,CIRCLE
25.06,0.5093469138055821,-0.8605612827665029,CIRCLE
25.08,0.5179269160736204,-0.8554248708136027,CIRCLE
25.1,0.5264551260816558,-0.8502029170864729,CIRCLE
25.12,0.5349306910157942,-0.8448959437761344,CIRCLE
25.14,0.5433527633266051,-0.839504481575496,CIRCLE
25.16,0.5517205008138757,-0.8340290696262848,CIRCLE
25.18,0.5600330667108305,-0.8284702554651328,CIRCLE
25.2,0.568289629767807,-0.8228285949688239,CIRCLE
25.22,0.5764893643353798,-0.8171046522987063,CIRCLE
25.24,0.5846314504469252,-0.8112989998442772,CIRCLE
25.26,0.5927150739006172,-0.8054122181659439,CIRCLE
25.28,0.6007394263408466,-0.7994448959369685,CIRCLE
25.3,0.6087037053390566,-0.7933976298846014,CIRCLE
25.32,0.6166071144739841,-0.7872710247304083,CIRCLE
25.34,0.6244488634113017,-0.7810656931297991,CIRCLE
25.36,0.6322281679826505,-0.7747822556107629,CIRCLE
25.38,0.639944250264056,-0.7684213405118153,CIRCLE
25.4,0.6475963386537202,-0.7619835839191655,CIRCLE
25.42,0.655183667949181,-0.7554696296031082,CIRCLE
25.44,0.6627054794238314,-0.7488801289536462,CIRCLE
25.46,0.6701610209027921,-0.7422157409153537,CIRCLE
25.48,0.6775495468381282,-0.7354771319214807,CIRCLE
25.5,0.6848703183834032,-0.7286649758273112,CIRCLE
25.52,0.6921226034675633,-0.7217799538427776,CIRCLE
25.54,0.6993056768681435,-0.7148227544643412,CIRCLE
25.56,0.7064188202837897,-0.7077940734061419,CIRCLE
25.58,0.7134613224060878,-0.7006946135304284,CIRCLE
25.6,0.7204324789906945,-0.693525084777272,CIRCLE
25.62,0.7273315929277606,-0.6862862040935738,CIRCLE
25.64,0.7341579743116415,-0.6789786953613692,CIRCLE
25.66,0.7409109405098876,-0.6716032893254424,CIRCLE
25.68,0.7475898162315063,-0.6641607235202505,CIRCLE
25.7,0.7541939335944914,-0.6566517421961721,CIRCLE
25.72,0.7607226321926098,-0.6490770962450819,CIRCLE
25.74,0.7671752591614425,-0.641437543125263,CIRCLE
25.76,0.7735511692436695,-0.6337338467856611,CIRCLE
25.78,0.779849724853596,-0.6259667775894905,CIRCLE
25.8,0.7860702961409097,-0.618137112237198,CIRCLE
25.82,0.7922122610536658,-0.6102456336887945,CIRCLE
25.84,0.7982750054004912,-0.6022931310855584,CIRCLE
25.86,0.8042579229120036,-0.594280399671123,CIRCLE
25.88,0.8101604153014373,-0.5862082407119525,CIRCLE
25.9,0.8159818923244725,-0.5780774614172162,CIRCLE
25.92,0.8217217718382578,-0.5698888748580676,CIRCLE
25.94,0.8273794798596251,-0.5616432998863391,CIRCLE
25.96,0.8329544506224871,-0.5533415610526564,CIRCLE
25.98,0.8384461266344132,-0.544984488523985,CIRCLE
26.0,0.8438539587323787,-0.5365729180006134,CIRCLE
26.02,0.8491774061376802,-0.5281076906325842,CIRCLE
26.04,0.8544159365100135,-0.5195896529355802,CIRCLE
26.06,0.8595690260007066,-0.5110196567062725,CIRCLE
26.08,0.8646361593051048,-0.5023985589371425,CIRCLE
26.1,0.8696168297141003,-0.4937272217307828,CIRCLE
26.12,0.8745105391648026,-0.48500651221368807,CIRCLE
26.14,0.8793167982903447,-0.4762373024495427,CIRCLE
26.16,0.8840351264688194,-0.4674204693520155,CIRCLE
26.18,0.8886650518713407,-0.4585568945970688,CIRCLE
26.2,0.8932061115092267,-0.4496474645347919,CIRCLE
26.22,0.8976578512802976,-0.44069307010076647,CIRCLE
26.24,0.9020198260142863,-0.43169460672697396,CIRCLE
26.26,0.9062915995173542,-0.42265297425225307,CIRCLE
26.28,0.9104727446157108,-0.41356907683231664,CIRCLE
26.3,0.9145628431983307,-0.40444382284933666,CIRCLE
26.32,0.9185614862587639,-0.3952781248211072,CIRCLE
26.34,0.9224682739360365,-0.38607289930979294,CIRCLE
26.36,0.9262828155546365,-0.37682906683027406,CIRCLE
26.38,0.9300047296635809,-0.36754755175809534,CIRCLE
26.4,0.9336336440745603,-0.3582292822370294,CIRCLE
26.42,0.9371691958991577,-0.34887519008626316,CIRCLE
26.44,0.9406110315851368,-0.3394862107072167,CIRCLE
26.46,0.9439588069517975,-0.33006328299000365,CIRCLE
26.48,0.9472121872243926,-0.3206073492195435,CIRCLE
26.5,0.9503708470676061,-0.3111193549813333,CIRCLE
26.52,0.953434470618086,-0.3016002490668902,CIRCLE
26.54,0.95640275151603,-0.29205098337887314,CIRCLE
26.56,0.9592753929358222,-0.2824725128358932,CIRCLE
26.58,0.9620521076157144,-0.2728657952770226,CIRCLE
26.6,0.9647326178865523,-0.26323179136601177,CIRCLE
26.62,0.9673166556995427,-0.2535714644952234,CIRCLE
26.64,0.9698039626530578,-0.24388578068929434,CIRCLE
26.66,0.9721942900184748,-0.23417570850853386,CIRCLE
26.68,0.9744873987650491,-0.22444221895206828,CIRCLE
26.7,0.9766830595838171,-0.21468628536074208,CIRCLE
26.72,0.9787810529105265,-0.20490888331978444,CIRCLE
26.74,0.9807811689475932,-0.19511099056125164,CIRCLE
26.76,0.9826832076850798,-0.18529358686625466,CIRCLE
26.78,0.984486978920698,-0.17545765396698187,CIRCLE
26.8,0.9861923022788271,-0.16560417544852662,CIRCLE
26.82,0.9877990072285526,-0.15573413665052954,CIRCLE
26.84,0.9893069331007184,-0.14584852456864542,CIRCLE
26.86,0.9907159291039938,-0.13594832775584445,CIRCLE
26.88,0.9920258543399525,-0.1260345362235578,CIRCLE
26.9,0.9932365778171628,-0.11610814134267723,CIRCLE
26.92,0.9943479784642858,-0.10617013574441884,CIRCLE
26.94,0.9953599451421828,-0.09622151322106084,CIRCLE
26.96,0.9962723766550295,-0.08626326862656507,CIRCLE
26.98,0.997085181760435,-0.07629639777709245,CIRCLE
27.0,0.9977982791785659,-0.06632189735142224,CIRCLE
27.02,0.9984115976002749,-0.056340764791284956,CIRCLE
27.04,0.9989250756942306,-0.04635399820161903,CIRCLE
27.06,0.9993386621130517,-0.03636259625076113,CIRCLE
27.08,0.999652315498441,-0.02636755807058023,CIRCLE
27.1,0.9998660044853213,-0.016369883156565155,CIRCLE
27.12,0.9999797077049718,-0.006370571267875952,CIRCLE
27.14,1.0,-4.898587196589413e-16,CIRCLE
27.16,0.99,-4.849601324623519e-16,RETURN_ORIGIN
27.18,0.98,-4.800615452657625e-16,RETURN_ORIGIN
27.2,0.97,-4.751629580691731e-16,RETURN_ORIGIN
27.22,0.96,-4.702643708725837e-16,RETURN_ORIGIN
27.24,0.95,-4.653657836759943e-16,RETURN_ORIGIN
27.26,0.94,-4.604671964794049e-16,RETURN_ORIGIN
27.28,0.9299999999999999,-4.555686092828155e-16,RETURN_ORIGIN
27.3,0.9199999999999999,-4.506700220862261e-16,RETURN_ORIGIN
27.32,0.9099999999999999,-4.457714348896367e-16,RETURN_ORIGIN
27.34,0.8999999999999999,-4.4087284769304726e-16,RETURN_ORIGIN
27.36,0.8899999999999999,-4.3597426049645786e-16,RETURN_ORIGIN
27.38,0.8799999999999999,-4.3107567329986846e-16,RETURN_ORIGIN
27.4,0.8699999999999999,-4.2617708610327906e-16,RETURN_ORIGIN
27.42,0.8599999999999999,-4.2127849890668966e-16,RETURN_ORIGIN
27.44,0.8499999999999999,-4.1637991171010025e-16,RETURN_ORIGIN
27.46,0.8399999999999999,-4.1148132451351085e-16,RETURN_ORIGIN
27.48,0.8299999999999998,-4.0658273731692145e-16,RETURN_ORIGIN
27.5,0.8199999999999998,-4.0168415012033205e-16,RETURN_ORIGIN
27.52,0.8099999999999998,-3.9678556292374265e-16,RETURN_ORIGIN
27.54,0.7999999999999998,-3.9188697572715324e-16,RETURN_ORIGIN
27.56,0.7899999999999998,-3.8698838853056384e-16,RETURN_ORIGIN
27.58,0.7799999999999998,-3.8208980133397444e-16,RETURN_ORIGIN
27.6,0.7699999999999998,-3.7719121413738504e-16,RETURN_ORIGIN
27.62,0.7599999999999998,-3.7229262694079564e-16,RETURN_ORIGIN
27.64,0.7499999999999998,-3.6739403974420623e-16,RETURN_ORIGIN
27.66,0.7399999999999998,-3.6249545254761683e-16,RETURN_ORIGIN
27.68,0.7299999999999998,-3.5759686535102743e-16,RETURN_ORIGIN
27.7,0.7199999999999998,-3.5269827815443803e-16,RETURN_ORIGIN
27.72,0.7099999999999997,-3.4779969095784863e-16,RETURN_ORIGIN
27.74,0.6999999999999997,-3.429011037612592e-16,RETURN_ORIGIN
27.76,0.6899999999999997,-3.380025165646698e-16,RETURN_ORIGIN
27.78,0.6799999999999997,-3.331039293680804e-16,RETURN_ORIGIN
27.8,0.6699999999999997,-3.28205342171491e-16,RETURN_ORIGIN
27.82,0.6599999999999997,-3.233067549749016e-16,RETURN_ORIGIN
27.84,0.6499999999999997,-3.184081677783122e-16,RETURN_ORIGIN
27.86,0.6399999999999997,-3.135095805817228e-16,RETURN_ORIGIN
27.88,0.6299999999999997,-3.086109933851334e-16,RETURN_ORIGIN
27.9,0.6199999999999997,-3.03712406188544e-16,RETURN_ORIGIN
27.92,0.6099999999999997,-2.988138189919546e-16,RETURN_ORIGIN
27.94,0.5999999999999996,-2.939152317953652e-16,RETURN_ORIGIN
27.96,0.5899999999999996,-2.890166445987758e-16,RETURN_ORIGIN
27.98,0.5799999999999996,-2.841180574021864e-16,RETURN_ORIGIN
28.0,0.5699999999999996,-2.79219470205597e-16,RETURN_ORIGIN
28.02,0.5599999999999996,-2.743208830090076e-16,RETURN_ORIGIN
28.04,0.5499999999999996,-2.694222958124182e-16,RETURN_ORIGIN
28.06,0.5399999999999996,-2.645237086158288e-16,RETURN_ORIGIN
28.08,0.5299999999999996,-2.596251214192394e-16,RETURN_ORIGIN
28.1,0.5199999999999996,-2.5472653422265e-16,RETURN_ORIGIN
28.12,0.5099999999999996,-2.498279470260606e-16,RETURN_ORIGIN
28.14,0.49999999999999956,-2.4492935982947113e-16,RETURN_ORIGIN
28.16,0.48999999999999955,-2.400307726328817e-16,RETURN_ORIGIN
28.18,0.47999999999999954,-2.351321854362923e-16,RETURN_ORIGIN
28.2,0.46999999999999953,-2.3023359823970283e-16,RETURN_ORIGIN
28.22,0.4599999999999995,-2.253350110431134e-16,RETURN_ORIGIN
28.24,0.4499999999999995,-2.2043642384652395e-16,RETURN_ORIGIN
28.26,0.4399999999999995,-2.1553783664993453e-16,RETURN_ORIGIN
28.28,0.4299999999999995,-2.106392494533451e-16,RETURN_ORIGIN
28.3,0.4199999999999995,-2.0574066225675567e-16,RETURN_ORIGIN
28.32,0.4099999999999995,-2.0084207506016625e-16,RETURN_ORIGIN
28.34,0.39999999999999947,-1.9594348786357682e-16,RETURN_ORIGIN
28.36,0.38999999999999946,-1.910449006669874e-16,RETURN_ORIGIN
28.38,0.37999999999999945,-1.8614631347039797e-16,RETURN_ORIGIN
28.4,0.36999999999999944,-1.8124772627380854e-16,RETURN_ORIGIN
28.42,0.35999999999999943,-1.763491390772191e-16,RETURN_ORIGIN
28.44,0.3499999999999994,-1.7145055188062969e-16,RETURN_ORIGIN
28.46,0.3399999999999994,-1.6655196468404026e-16,RETURN_ORIGIN
28.48,0.3299999999999994,-1.6165337748745083e-16,RETURN_ORIGIN
28.5,0.3199999999999994,-1.567547902908614e-16,RETURN_ORIGIN
28.52,0.3099999999999994,-1.5185620309427198e-16,RETURN_ORIGIN
28.54,0.2999999999999994,-1.4695761589768255e-16,RETURN_ORIGIN
28.56,0.28999999999999937,-1.4205902870109313e-16,RETURN_ORIGIN
28.58,0.27999999999999936,-1.371604415045037e-16,RETURN_ORIGIN
28.6,0.26999999999999935,-1.3226185430791427e-16,RETURN_ORIGIN
28.62,0.25999999999999934,-1.2736326711132485e-16,RETURN_ORIGIN
28.64,0.24999999999999933,-1.2246467991473542e-16,RETURN_ORIGIN
28.66,0.23999999999999932,-1.17566092718146e-16,RETURN_ORIGIN
28.68,0.22999999999999932,-1.1266750552155657e-16,RETURN_ORIGIN
28.7,0.2199999999999993,-1.0776891832496714e-16,RETURN_ORIGIN
28.72,0.2099999999999993,-1.0287033112837771e-16,RETURN_ORIGIN
28.74,0.1999999999999993,-9.797174393178829e-17,RETURN_ORIGIN
28.76,0.18999999999999928,-9.307315673519886e-17,RETURN_ORIGIN
28.78,0.17999999999999927,-8.817456953860943e-17,RETURN_ORIGIN
28.8,0.16999999999999926,-8.327598234202001e-17,RETURN_ORIGIN
28.82,0.15999999999999925,-7.837739514543057e-17,RETURN_ORIGIN
28.84,0.14999999999999925,-7.347880794884113e-17,RETURN_ORIGIN
28.86,0.13999999999999924,-6.85802207522517e-17,RETURN_ORIGIN
28.88,0.12999999999999923,-6.368163355566226e-17,RETURN_ORIGIN
28.9,0.11999999999999923,-5.878304635907282e-17,RETURN_ORIGIN
28.92,0.10999999999999924,-5.388445916248339e-17,RETURN_ORIGIN
28.94,0.09999999999999924,-4.898587196589396e-17,RETURN_ORIGIN
28.96,0.08999999999999925,-4.4087284769304525e-17,RETURN_ORIGIN
28.98,0.07999999999999925,-3.918869757271509e-17,RETURN_ORIGIN
29.0,0.06999999999999926,-3.429011037612566e-17,RETURN_ORIGIN
29.02,0.059999999999999255,-2.939152317953623e-17,RETURN_ORIGIN
29.04,0.04999999999999925,-2.4492935982946794e-17,RETURN_ORIGIN
29.06,0.03999999999999925,-1.959434878635736e-17,RETURN_ORIGIN
29.08,0.02999999999999925,-1.469576158976793e-17,RETURN_ORIGIN
29.1,0.019999999999999248,-9.797174393178496e-18,RETURN_ORIGIN
29.12,0.0,0.0,HOLD
29.14,0.0,0.0,HOLD
29.16,0.0,0.0,HOLD
29.18,0.0,0.0,HOLD
29.2,0.0,0.0,HOLD
29.22,0.0,0.0,HOLD
29.24,0.0,0.0,HOLD
29.26,0.0,0.0,HOLD
29.28,0.0,0.0,HOLD
29.3,0.0,0.0,HOLD
29.32,0.0,0.0,HOLD
29.34,0.0,0.0,HOLD
29.36,0.0,0.0,HOLD
29.38,0.0,0.0,HOLD
29.4,0.0,0.0,HOLD
29.42,0.0,0.0,HOLD
29.44,0.0,0.0,HOLD
29.46,0.0,0.0,HOLD
29.48,0.0,0.0,HOLD
29.5,0.0,0.0,HOLD
29.52,0.0,0.0,HOLD
29.54,0.0,0.0,HOLD
29.56,0.0,0.0,HOLD
29.58,0.0,0.0,HOLD
29.6,0.0,0.0,HOLD
29.62,0.0,0.0,HOLD
29.64,0.0,0.0,HOLD
29.66,0.0,0.0,HOLD
29.68,0.0,0.0,HOLD
29.7,0.0,0.0,HOLD
29.72,0.0,0.0,HOLD
29.74,0.0,0.0,HOLD
29.76,0.0,0.0,HOLD
29.78,0.0,0.0,HOLD
29.8,0.0,0.0,HOLD
29.82,0.0,0.0,HOLD
29.84,0.0,0.0,HOLD
29.86,0.0,0.0,HOLD
29.88,0.0,0.0,HOLD
29.9,0.0,0.0,HOLD
