t,x,y,z,phase
0.04,0.0,0.0,0.0,WAIT_CONNECT
0.08,0.0,0.0,0.0,WAIT_CONNECT
0.12,0.0,0.0,0.0,WAIT_CONNECT
0.16,0.0,0.0,0.0,WAIT_CONNECT
0.2,0.0,0.0,0.0,WAIT_CONNECT
0.24,0.0,0.0,0.0,WAIT_CONNECT
0.28,0.0,0.0,0.0,WAIT_CONNECT
0.32,0.0,0.0,0.0,WAIT_CONNECT
0.36,0.0,0.0,0.0,WAIT_CONNECT
0.4,0.0,0.0,0.0,WAIT_CONNECT
0.44,0.0,0.0,0.0,WAIT_CONNECT
0.48,0.0,0.0,0.0,WAIT_CONNECT
0.52,0.0,0.0,0.0,WAIT_CONNECT
0.56,0.0,0.0,0.0,WAIT_CONNECT
0.6,0.0,0.0,0.0,WAIT_CONNECT
0.64,0.0,0.0,0.0,WAIT_CONNECT
0.68,0.0,0.0,0.0,WAIT_CONNECT
0.72,0.0,0.0,0.0,WAIT_CONNECT
0.76,0.0,0.0,0.0,WAIT_CONNECT
0.8,0.0,0.0,0.0,WAIT_CONNECT
0.84,0.0,0.0,0.0,WAIT_CONNECT
0.88,0.0,0.0,0.0,WAIT_CONNECT
0.92,0.0,0.0,0.0,WAIT_CONNECT
0.96,0.0,0.0,0.0,WAIT_CONNECT
1.0,0.0,0.0,0.0,WAIT_CONNECT
1.04,0.0,0.0,0.0,CMD_CONTROL
1.08,0.0,0.0,0.0,CMD_CONTROL
1.12,0.0,0.0,0.0,CMD_CONTROL
1.16,0.0,0.0,0.0,CMD_CONTROL
1.2,0.0,0.0,0.0,CMD_CONTROL
1.24,0.0,0.0,0.0,CMD_CONTROL
1.28,0.0,0.0,0.0,CMD_CONTROL
1.32,0.0,0.0,0.0,CMD_CONTROL
1.36,0.0,0.0,0.0,CMD_CONTROL
1.4,0.0,0.0,0.0,CMD_CONTROL
1.44,0.0,0.0,0.0,CMD_CONTROL
1.48,0.0,0.0,0.0,CMD_CONTROL
1.52,0.0,0.0,0.0,CMD_CONTROL
1.56,0.0,0.0,0.0,CMD_CONTROL
1.6,0.0,0.0,0.0,CMD_CONTROL
1.64,0.0,0.0,0.0,CMD_CONTROL
1.68,0.0,0.0,0.0,CMD_CONTROL
1.72,0.0,0.0,0.0,CMD_CONTROL
1.76,0.0,0.0,0.0,CMD_CONTROL
1.8,0.0,0.0,0.0,CMD_CONTROL
1.84,0.0,0.0,0.0,ARM
1.88,0.0,0.0,0.0,ARM
1.92,0.0,0.0,0.0,ARM
1.96,0.0,0.0,0.0,ARM
2.0,0.0,0.0,0.0,ARM
2.04,0.0,0.0,0.0,ARM
2.08,0.0,0.0,0.0,ARM
2.12,0.0,0.0,0.0,ARM
2.16,0.0,0.0,0.0,ARM
2.2,0.0,0.0,0.0,ARM
2.24,0.0,0.0,0.0,ARM
2.28,0.0,0.0,0.0,ARM
2.32,0.0,0.0,0.0,ARM
2.36,0.0,0.0,0.0,ARM
2.4,0.0,0.0,0.0,ARM
2.44,0.0,0.0,0.0,ARM
2.48,0.0,0.0,0.0,ARM
2.52,0.0,0.0,0.0,ARM
2.56,0.0,0.0,0.0,ARM
2.6,0.0,0.0,0.0,ARM
2.64,0.0,0.0,0.0,ARM
2.68,0.0,0.0,0.0,ARM
2.72,0.0,0.0,0.0,ARM
2.76,0.0,0.0,0.0,ARM
2.8,0.0,0.0,0.0,ARM
2.84,-0.0010553414307897632,0.0,0.018000000000000002,TAKEOFF
2.88,0.001583704282990125,0.0,0.036000000000000004,TAKEOFF
2.92,0.004210493703260741,0.0,0.054000000000000006,TAKEOFF
2.96,0.00680469809664195,0.0,0.07200000000000001,TAKEOFF
3.0,0.009346240905401463,0.0,0.09000000000000001,TAKEOFF
3.04,0.01181545312001199,0.0,0.10800000000000001,TAKEOFF
3.08,0.01419322549769129,0.0,0.126,TAKEOFF
3.12,0.016461156448905195,0.0,0.14400000000000002,TAKEOFF
3.16,0.018601694447339494,0.0,0.16200000000000003,TAKEOFF
3.2,0.02059827386122925,0.0,0.18000000000000005,TAKEOFF
3.24,0.02243544315484647,0.0,0.19800000000000006,TAKEOFF
3.28,0.024098984467994244,0.0,0.21600000000000008,TAKEOFF
3.32,0.02557602364808126,0.0,0.2340000000000001,TAKEOFF
3.36,0.026855129883237974,0.0,0.2520000000000001,TAKEOFF
3.4,0.027926404165413456,0.0,0.27000000000000013,TAKEOFF
3.44,0.02878155589883657,0.0,0.28800000000000014,TAKEOFF
3.48,0.029413967060968417,0.0,0.30600000000000016,TAKEOFF
3.52,0.02981874341940407,0.0,0.3240000000000002,TAKEOFF
3.56,0.029992752408355895,0.0,0.3420000000000002,TAKEOFF
3.6,0.029934647371592217,0.0,0.3600000000000002,TAKEOFF
3.64,0.029644877984214994,0.0,0.3780000000000002,TAKEOFF
3.68,0.029125686772622537,0.0,0.39600000000000024,TAKEOFF
3.72,0.02838109175958906,0.0,0.41400000000000026,TAKEOFF
3.76,0.027416855368771136,0.0,0.4320000000000003,TAKEOFF
3.8,0.026240439829288854,0.0,0.4500000000000003,TAKEOFF
3.84,0.024860949425506214,0.0,0.4680000000000003,TAKEOFF
3.88,0.02328906003893941,0.0,0.4860000000000003,TAKEOFF
3.92,0.021536936527569137,0.0,0.5040000000000003,TAKEOFF
3.96,0.019618138581957812,0.0,0.5220000000000004,TAKEOFF
4.0,0.01754751578675272,0.0,0.5400000000000004,TAKEOFF
4.04,0.015341092699693247,0.0,0.5580000000000004,TAKEOFF
4.08,0.013015944837497526,0.0,0.5760000000000004,TAKEOFF
4.12,0.010590066528372822,0.0,0.5940000000000004,TAKEOFF
4.16,0.008082231653841025,0.0,0.6120000000000004,TAKEOFF
4.2,0.00551184835759728,0.0,0.6300000000000004,TAKEOFF
4.24,0.0028988088458120325,0.0,0.6480000000000005,TAKEOFF
4.28,0.0002633354412709039,0.0,0.6660000000000005,TAKEOFF
4.32,-0.0023741759172583466,0.0,0.6840000000000005,TAKEOFF
4.36,-0.004993313519274456,0.0,0.7020000000000005,TAKEOFF
4.4,-0.007573807848847949,0.0,0.7200000000000005,TAKEOFF
4.44,-0.01009568845048294,0.0,0.7380000000000005,TAKEOFF
4.48,-0.012539438480548249,0.0,0.7560000000000006,TAKEOFF
4.52,-0.01488614574820541,0.0,0.7740000000000006,TAKEOFF
4.56,-0.01711764907692556,0.0,0.7920000000000006,TAKEOFF
4.6,-0.019216678853904514,0.0,0.8100000000000006,TAKEOFF
4.64,-0.02116699067966201,0.0,0.8280000000000006,TAKEOFF
4.68,-0.022953491083511825,0.0,0.8460000000000006,TAKEOFF
4.72,-0.024562354331988872,0.0,0.8640000000000007,TAKEOFF
4.76,-0.025981129426253722,0.0,0.8820000000000007,TAKEOFF
4.8,-0.027198836460420026,0.0,0.9000000000000007,TAKEOFF
4.84,-0.028206051595088426,0.0,0.9180000000000007,TAKEOFF
4.88,-0.02899497998847556,0.0,0.9360000000000007,TAKEOFF
4.92,-0.02955951612072462,0.0,0.9540000000000007,TAKEOFF
4.96,-0.029895291044546787,0.0,0.9720000000000008,TAKEOFF
5.0,-0.0299997061965211,0.0,0.9900000000000008,TAKEOFF
5.04,-0.029871953507386674,0.0,1.0080000000000007,TAKEOFF
5.08,-0.029513021655693812,0.0,1.0260000000000007,TAKEOFF
5.12,-0.028925688416416948,0.0,1.0440000000000007,TAKEOFF
5.16,-0.028114499163743437,0.0,1.0620000000000007,TAKEOFF
5.2,-0.027085731694405382,0.0,1.0800000000000007,TAKEOFF
5.24,-0.025847347643786586,0.0,1.0980000000000008,TAKEOFF
5.28,-0.02440893087079599,0.0,1.1160000000000008,TAKEOFF
5.32,-0.02278161328834669,0.0,1.1340000000000008,TAKEOFF
5.36,-0.020977988713439512,0.0,1.1520000000000008,TAKEOFF
5.4,-0.01901201540356476,0.0,1.1700000000000008,TAKEOFF
5.44,-0.01689890803369437,0.0,1.1880000000000008,TAKEOFF
5.48,-0.014655019949853717,0.0,1.2,TAKEOFF
5.52,0.018212367342914548,0.0,1.1811844236305482,HOVER
5.56,0.01768399439403819,0.0,1.1793491158677707,HOVER
5.6,0.017091978161765557,0.0,1.1778108241604621,HOVER
5.64,0.016438449265231983,0.0,1.176591673340283,HOVER
5.68,0.015725759702738498,0.0,1.1757091981222272,HOVER
5.72,0.014956474387097726,0.0,1.1751760909075808,HOVER
5.76,0.014133361914717485,0.0,1.1750000192325625,HOVER
5.8,0.01325938460164356,0.0,1.1751835154882342,HOVER
5.84,0.012337687822420782,0.0,1.175723940497808,HOVER
5.88,0.011371588690141278,0.0,1.1766135214752085,HOVER
5.92,0.010364564118419413,0.0,1.1778394638189442,HOVER
5.96,0.009320238308257298,0.0,1.179384135133383,HOVER
6.0,0.008242369704835002,0.0,1.1812253188307082,HOVER
6.04,0.007134837471166472,0.0,1.1833365336660655,HOVER
6.08,0.006001627527301564,0.0,1.185687414610111,HOVER
6.12,0.004846818205318338,0.0,1.1882441495809795,HOVER
6.16,0.00367456557173152,0.0,1.190969965754269,HOVER
6.2,0.002489088470141093,0.0,1.1938256584565847,HOVER
6.24,0.001294653337951176,0.0,1.196770155035703,HOVER
6.28,9.555885180242812e-05,0.0,1.1997611055973691,HOVER
6.32,-0.0011038795430216323,0.0,1.2027554921123187,HOVER
6.36,-0.002299345163537632,0.0,1.2057102471329053,HOVER
6.4,-0.003486535624459733,0.0,1.2085828732204977,HOVER
6.44,-0.0046611783221404265,0.0,1.2113320541745927,HOVER
6.48,-0.005819045811329953,0.0,1.2139182492725011,HOVER
6.52,-0.006955971019414067,0.0,1.2163042619728193,HOVER
6.56,-0.008067862243375521,0.0,1.2184557749031764,HOVER
6.6,-0.009150717875506554,0.0,1.2203418434376778,HOVER
6.64,-0.01020064080487521,0.0,1.2219353407650513,HOVER
6.68,-0.011213852442716436,0.0,1.2232133480462026,HOVER
6.72,-0.012186706321271331,0.0,1.2241574840496519,HOVER
6.76,-0.013115701217133178,0.0,1.22475416952379,HOVER
6.8,-0.013997493751870973,0.0,1.2249948225035667,HOVER
6.84,-0.014828910424581327,0.0,1.2248759817425612,HOVER
6.88,-0.015606959033064721,0.0,1.224399356495149,HOVER
6.92,-0.01632883944252233,0.0,1.2235718019327608,HOVER
6.96,-0.016991953663017367,0.0,1.2224052205478149,HOVER
7.0,-0.01759391519943347,0.0,1.220916390963401,HOVER
7.04,-0.018132557640280017,0.0,1.219126726610906,HOVER
7.08,-0.01860594245443398,0.0,1.2170619677464458,HOVER
7.12,-0.019012365967758658,0.0,1.214751811235757,HOVER
7.16,-0.019350365494490804,0.0,1.2122294834322453,HOVER
7.2,-0.019618724601329858,0.0,1.2095312622913732,HOVER
7.24,-0.019816477485284284,0.0,1.2066959555946817,HOVER
7.28,-0.019942912449519314,0.0,1.2037643427880147,HOVER
7.32,-0.019997574464697087,0.0,1.200778588461829,HOVER
7.36,-0.019980266806590853,0.0,1.1977816359093452,HOVER
7.4,-0.019891051764079765,0.0,1.1948165894848306,HOVER
7.44,-0.01973025041497618,0.0,1.191926094645383,HOVER
7.48,-0.019498441470492255,0.0,1.1891517245929082,HOVER
7.52,-0.019196459192504515,0.0,1.1865333823380535,HOVER
7.56,-0.018825390391111977,0.0,1.1841087267860462,HOVER
7.6,-0.018386570513293444,0.0,1.1819126310988934,HOVER
7.64,-0.017881578836740478,0.0,1.1799766811241674,HOVER
7.68,-0.017312232786163072,0.0,1.1783287211043418,HOVER
7.72,-0.016680581392523364,0.0,1.1769924532006186,HOVER
7.76,-0.01598889791873681,0.0,1.1759870965911823,HOVER
7.8,-0.015239671678380529,0.0,1.1753271110469836,HOVER
7.84,-0.014435599076852577,0.0,1.1750219889607814,HOVER
7.88,-0.013579573907224203,0.0,1.1750761188206376,HOVER
7.92,-0.01267467693570984,0.0,1.1754887220914854,HOVER
7.96,-0.011724164814235511,0.0,1.1762538644125873,HOVER
8.0,-0.01073145836000858,0.0,1.1773605409498344,HOVER
8.04,-0.00970013024426994,0.0,1.178792834675284,HOVER
8.08,-0.008633892134535538,0.0,1.1805301452974484,HOVER
8.12,-0.007536581336601434,0.0,1.1825474855496891,HOVER
8.16,-0.006412146984386731,0.0,1.1848158405752858,HOVER
8.2,-0.005264635827316019,0.0,1.1873025852402344,HOVER
8.24,-0.004098177666391411,0.0,1.189971953371687,HOVER
8.28,-0.002916970491368585,0.0,1.1927855521730968,HOVER
8.32,-0.001725265372526948,0.0,1.1957029144173799,HOVER
8.36,-0.0005273511614072362,0.0,1.198682080476046,HOVER
8.4,0.0006724609444226274,0.0,1.2016802018131365,HOVER
8.44,0.0018698529170232442,0.0,1.2046541572640725,HOVER
8.48,0.0030605154383214106,0.0,1.2075611732356497,HOVER
8.52,0.004240163409001677,0.0,1.210359438907008,HOVER
8.56,0.0054045513702365286,0.0,1.2130087075833063,HOVER
8.6,0.006549488782753627,0.0,1.2154708755530004,HOVER
8.64,0.007670855108251938,0.0,1.2177105301231723,HOVER
8.68,0.008764614638889981,0.0,1.2196954589506706,HOVER
8.72,0.00982683102147601,0.0,1.2213971133434898,HOVER
8.76,0.010853681424088754,0.0,1.2227910188688507,HOVER
8.8,0.011841470294144174,0.0,1.223857127362317,HOVER
8.84,0.012786642658394036,0.0,1.2245801052750973,HOVER
8.88,0.01368579691699071,0.0,1.2249495542123103,HOVER
8.92,0.01453569708557333,0.0,1.2249601604902747,HOVER
8.96,0.01533328444131703,0.0,1.224611771561776,HOVER
9.0,0.016075688531032122,0.0,1.2239093982101128,HOVER
9.04,0.015432660989790837,0.0,1.2079093982101128,LAND
9.08,0.014815354550199203,0.0,1.1919093982101128,LAND
9.12,0.014222740368191234,0.0,1.1759093982101128,LAND
9.16,0.013653830753463584,0.0,1.1599093982101127,LAND
9.2,0.01310767752332504,0.0,1.1439093982101127,LAND
9.24,0.012583370422392038,0.0,1.1279093982101127,LAND
9.28,0.012080035605496356,0.0,1.1119093982101127,LAND
9.32,0.011596834181276501,0.0,1.0959093982101127,LAND
9.36,0.01113296081402544,0.0,1.0799093982101127,LAND
9.4,0.010687642381464421,0.0,1.0639093982101127,LAND
9.44,0.010260136686205843,0.0,1.0479093982101126,LAND
9.48,0.00984973121875761,0.0,1.0319093982101126,LAND
9.52,0.009455741970007306,0.0,1.0159093982101126,LAND
9.56,0.009077512291207013,0.0,0.9999093982101126,LAND
9.6,0.008714411799558732,0.0,0.9839093982101126,LAND
9.64,0.008365835327576383,0.0,0.9679093982101126,LAND
9.68,0.008031201914473327,0.0,0.9519093982101126,LAND
9.72,0.007709953837894394,0.0,0.9359093982101125,LAND
9.76,0.007401555684378618,0.0,0.9199093982101125,LAND
9.8,0.0071054934570034724,0.0,0.9039093982101125,LAND
9.84,0.0068212737187233335,0.0,0.8879093982101125,LAND
9.88,0.0065484227699744,0.0,0.8719093982101125,LAND
9.92,0.006286485859175424,0.0,0.8559093982101125,LAND
9.96,0.006035026424808407,0.0,0.8399093982101125,LAND
10.0,0.00579362536781607,0.0,0.8239093982101124,LAND
10.04,0.0055618803531034275,0.0,0.8079093982101124,LAND
10.08,0.00533940513897929,0.0,0.7919093982101124,LAND
10.12,0.005125828933420118,0.0,0.7759093982101124,LAND
10.16,0.0049207957760833134,0.0,0.7599093982101124,LAND
10.2,0.004723963945039981,0.0,0.7439093982101124,LAND
10.24,0.004535005387238381,0.0,0.7279093982101124,LAND
10.28,0.004353605171748846,0.0,0.7119093982101123,LAND
10.32,0.004179460964878892,0.0,0.6959093982101123,LAND
10.36,0.004012282526283737,0.0,0.6799093982101123,LAND
10.4,0.0038517912252323872,0.0,0.6639093982101123,LAND
10.44,0.0036977195762230917,0.0,0.6479093982101123,LAND
10.48,0.003549810793174168,0.0,0.6319093982101123,LAND
10.52,0.003407818361447201,0.0,0.6159093982101123,LAND
10.56,0.003271505626989313,0.0,0.5999093982101122,LAND
10.6,0.0031406454019097404,0.0,0.5839093982101122,LAND
10.64,0.0030150195858333504,0.0,0.5679093982101122,LAND
10.68,0.0028944188024000164,0.0,0.5519093982101122,LAND
10.72,0.0027786420503040157,0.0,0.5359093982101122,LAND
10.76,0.002667496368291855,0.0,0.5199093982101122,LAND
10.8,0.0025607965135601807,0.0,0.5039093982101122,LAND
10.84,0.0024583646530177733,0.0,0.48790939821011214,LAND
10.88,0.0023600300668970625,0.0,0.47190939821011213,LAND
10.92,0.00226562886422118,0.0,0.4559093982101121,LAND
10.96,0.0021750037096523326,0.0,0.4399093982101121,LAND
11.0,0.0020880035612662394,0.0,0.4239093982101121,LAND
11.04,0.00200448341881559,0.0,0.4079093982101121,LAND
11.08,0.0019243040820629662,0.0,0.39190939821011206,LAND
11.12,0.0018473319187804474,0.0,0.37590939821011204,LAND
11.16,0.0017734386420292295,0.0,0.35990939821011203,LAND
11.2,0.0017025010963480603,0.0,0.343909398210112,LAND
11.24,0.001634401052494138,0.0,0.327909398210112,LAND
11.28,0.0015690250103943724,0.0,0.311909398210112,LAND
11.32,0.0015062640099785974,0.0,0.295909398210112,LAND
11.36,0.0014460134495794534,0.0,0.27990939821011196,LAND
11.4,0.0013881729115962753,0.0,0.26390939821011195,LAND
11.44,0.0013326459951324243,0.0,0.24790939821011193,LAND
11.48,0.0012793401553271274,0.0,0.23190939821011192,LAND
11.52,0.0012281665491140422,0.0,0.2159093982101119,LAND
11.56,0.0011790398871494804,0.0,0.1999093982101119,LAND
11.6,0.001131878291663501,0.0,0.18390939821011187,LAND
11.64,0.001086603159996961,0.0,0.16790939821011186,LAND
11.68,0.0010431390335970826,0.0,0.15190939821011185,LAND
11.72,0.0010014134722531993,0.0,0.13590939821011183,LAND
11.76,0.0009613569333630713,0.0,0.11990939821011183,LAND
11.8,0.0009229026560285484,0.0,0.10390939821011183,LAND
11.84,0.0008859865497874064,0.0,0.08790939821011183,LAND
11.88,0.0008505470877959101,0.0,0.07190939821011183,LAND
11.92,0.0008165252042840736,0.0,0.05590939821011183,LAND
11.96,0.0007838641961127106,0.0,0.03990939821011183,LAND
12.0,0.0007525096282682022,0.0,0.02390939821011183,LAND
12.04,0.000722409243137474,0.0,0.007909398210111829,LAND
12.08,0.0,0.0,0.0,LANDED
12.12,0.0,0.0,0.0,LANDED
12.16,0.0,0.0,0.0,LANDED
12.2,0.0,0.0,0.0,LANDED
12.24,0.0,0.0,0.0,LANDED
12.28,0.0,0.0,0.0,LANDED
12.32,0.0,0.0,0.0,LANDED
12.36,0.0,0.0,0.0,LANDED
12.4,0.0,0.0,0.0,LANDED
12.44,0.0,0.0,0.0,LANDED
12.48,0.0,0.0,0.0,LANDED
12.52,0.0,0.0,0.0,LANDED
12.56,0.0,0.0,0.0,LANDED
12.6,0.0,0.0,0.0,LANDED
12.64,0.0,0.0,0.0,LANDED
12.68,0.0,0.0,0.0,LANDED
12.72,0.0,0.0,0.0,LANDED
12.76,0.0,0.0,0.0,LANDED
12.8,0.0,0.0,0.0,LANDED
12.84,0.0,0.0,0.0,LANDED
